sample,time,s,sDot,sDDot,sDDDot,arcLength,tcpSpeed,px,py,pz,qw,qx,qy,qz,q1,q2,q3,q4,q5,q6,qd1,qd2,qd3,qd4,qd5,qd6,positionError,orientationError,ikIterations
0,0,0,0,0,2,0,0,-0.421962121750543,-0.451955508344597,0.234227540926711,0.329165961002244,0.587239908196375,-0.108421313097339,0.731466936508569,0.523598775598299,-0.785398163397448,1.0471975511966,0.349065850398866,-0.523598775598299,0.785398163397448,0,0,0,0,0,0,0,0,1
1,0.05,4.16666666666667e-05,0.0025,0.1,2,2.08333333333333e-05,0.00125,-0.42194128841721,-0.451955508344597,0.234227540926711,0.329160452597242,0.587236481143842,-0.108418631413513,0.731472564093964,0.523598775598299,-0.785398163397448,1.0471975511966,0.349065850398866,-0.523598775598299,0.785398163397448,0.000706668476053718,-0.00137833130559151,0.00267522424692856,-0.000434346248196493,-3.0680217636414e-05,-0.000575379584609736,2.08333333333033e-05,1.79942365311167e-05,1
2,0.1,0.000333333333333333,0.01,0.2,2,0.000166666666666667,0.005,-0.421795455083877,-0.451955508344597,0.234227540926711,0.32912189301619,0.587212490445122,-0.108399859381005,0.73151195553378,0.523669442445904,-0.785535996528007,1.04746507362129,0.349022415774046,-0.523601843620062,0.785340625438987,0.00426456540194131,-0.00830588365704599,0.016121003760905,-0.00261025781979896,-0.00018366237191425,-0.00347364610648215,8.3329449371718e-05,7.19781029824701e-05,2
3,0.15,0.001125,0.0225,0.3,2,0.0005625,0.01125,-0.421399621750543,-0.451955508344597,0.234227540926711,0.32901722471609,0.587147361093716,-0.108348904554181,0.731618860529659,0.524025232138493,-0.786228751763153,1.04880965157269,0.348804824616886,-0.52361714183549,0.7850507987868,0.0101771989992094,-0.0197656279297864,0.0383633506725878,-0.00617835294200508,-0.000431360016638349,-0.00829615608199497,5.98813566781628e-05,5.17374840216798e-05,4
4,0.2,0.00266666666666667,0.04,0.4,2,0.00133333333333333,0.02,-0.42062878841721,-0.451955508344597,0.234227540926711,0.328813369384354,0.587020481013581,-0.108249667648465,0.731826982584469,0.524687162345825,-0.787512559320986,1.05130140868855,0.348404580479846,-0.523644979621726,0.784511009830788,0.017186080318552,-0.0332024640061857,0.0644431356618092,-0.0102738915901002,-0.000706627157303075,-0.0140299510435982,5.18973293721319e-05,4.48515545825185e-05,5
5,0.25,0.00520833333333333,0.0625,0.5,2,0.00260416666666667,0.03125,-0.419357955083877,-0.451955508344597,0.234227540926711,0.328477204019913,0.586811158315235,-0.108086034671641,0.732169925649063,0.525743840170348,-0.789548998163771,1.05525396513887,0.347777435457876,-0.523687804551221,0.78364780368244,0.0267931418153711,-0.0513205610163758,0.0996096538174762,-0.0156158097553694,-0.00104644992088732,-0.021924691032229,8.26148047642551e-05,7.14222153928977e-05,5
6,0.3,0.00895833333333334,0.0875,0.5,0,0.00447916666666667,0.04375,-0.417482955083877,-0.451955508344597,0.234227540926711,0.327981041687034,0.586501998793429,-0.107844549530312,0.732675504464156,0.527366476527362,-0.792644615422624,1.0612623740703,0.346842999504309,-0.523749624613815,0.782318540727565,0.0375742589658057,-0.0711235113039787,0.138049310589621,-0.0211316052494004,-0.00136111799384664,-0.0308482266103183,6.1113612617432e-05,5.28589620122763e-05,6
7,0.35,0.0139583333333333,0.1125,0.5,0,0.00697916666666667,0.05625,-0.414982955083877,-0.451955508344597,0.234227540926711,0.327319157442083,0.586089187930468,-0.107522459373275,0.733348862201839,0.529501266066929,-0.796661349294169,1.06905889619783,0.345664274932936,-0.523823916350605,0.780562981021408,0.0482554608587438,-0.0899079849882767,0.17451987140261,-0.025843027725877,-0.00156668452898079,-0.0397930708684091,7.99320618854334e-05,6.91618451203886e-05,6
8,0.4,0.0202083333333333,0.1375,0.5,0,0.0101041666666667,0.06875,-0.411857955083877,-0.451955508344597,0.234227540926711,0.326491265683434,0.585572213688412,-0.10711967046973,0.734189357173569,0.532192022613237,-0.801635413921451,1.07871436121056,0.344258696731721,-0.523906293066713,0.778339233640724,0.0598685781653141,-0.109352723128447,0.212288507300364,-0.030087118490838,-0.00166381317024067,-0.049646531478581,9.99993264240195e-05,8.65596769523106e-05,6
9,0.45,0.0276666666666667,0.16,0.4,-2,0.0138333333333333,0.08,-0.40812878841721,-0.451955508344597,0.234227540926711,0.325502536765673,0.584953895423246,-0.106638753780076,0.735190597723144,0.53548812388346,-0.807596621607014,1.09028774692787,0.342655563083852,-0.523990297667629,0.77559832787355,0.070260428499771,-0.125404966442049,0.243498372544195,-0.0326801352000233,-0.00157481650292612,-0.0586473954851363,5.97237258202275e-05,5.17174805764429e-05,7
10,0.5,0.036125,0.1775,0.3,-2,0.0180625,0.08875,-0.403899621750543,-0.451955508344597,0.234227540926711,0.324380219355416,0.58425083829516,-0.106093022010434,0.736323775198811,0.539218065463214,-0.814175910565656,1.10306419846498,0.340990683211719,-0.524063774717006,0.77247449409221,0.0783893222620768,-0.13629799938089,0.264729207532295,-0.0332281565696529,-0.00128554686499305,-0.0659254242169571,6.68869862939585e-05,5.79316443622102e-05,7
11,0.55,0.0453333333333333,0.19,0.2,-2,0.0226666666666667,0.095,-0.399295455083877,-0.451955508344597,0.234227540926711,0.32315715599991,0.583483225380363,-0.105498497925371,0.737554638763305,0.543327056109668,-0.821226421545103,1.1167606676811,0.339332747426887,-0.524118852354129,0.769005785451855,0.0849662724372168,-0.143604552789846,0.279040087930813,-0.0323407089105626,-0.000849256671049402,-0.0720444918574358,7.28438376264698e-05,6.31002264316297e-05,7
12,0.6,0.0550416666666667,0.1975,0.0999999999999999,-2,0.0275208333333333,0.09875,-0.39444128841721,-0.451955508344597,0.234227540926711,0.321866298481892,0.582671434038487,-0.10487124035032,0.738849178658598,0.547714692706935,-0.828536365844641,1.13096820725806,0.337756612320663,-0.524148700384111,0.765270044906467,0.0894805291942658,-0.146789943592424,0.285392399175075,-0.030121517809597,-0.000302816429456065,-0.0765347217073109,7.68376889429206e-05,6.65635621213819e-05,7
13,0.65,0.065,0.2,0,-2,0.0325,0.1,-0.389462121750543,-0.451955508344597,0.234227540926711,0.320540730468129,0.581836077863577,-0.104227351422165,0.740173680849845,0.552275109029094,-0.835905415904345,1.1452999075986,0.336320595645927,-0.524149133997074,0.761352313281124,0.0920136088982093,-0.146395560885735,0.284830410298016,-0.0269626783939792,0.000299531300000933,-0.0794121035630668,7.88563410434801e-05,6.83105278455366e-05,7
14,0.7,0.075,0.2,0,0,0.0375,0.1,-0.384462121750543,-0.451955508344597,0.234227540926711,0.319208124706138,0.580994519249102,-0.103580283441776,0.741500280921199,0.556916053596756,-0.843175921933214,1.15945124828786,0.335060344481265,-0.524118747254111,0.75732883455016,0.0934315174205214,-0.144121977431718,0.280651570292363,-0.023403843914338,0.00091674229461769,-0.0813774353426344,7.92227739722251e-05,6.86221042902875e-05,7
15,0.75,0.085,0.2,0,0,0.0425,0.1,-0.379462121750543,-0.451955508344597,0.234227540926711,0.317874030596768,0.580150251675789,-0.102932732505498,0.742823423655741,0.561618260771147,-0.850317613647517,1.17336506462784,0.333980211254493,-0.524057459767612,0.75321456974686,0.0946625448247585,-0.141566062414773,0.275957615572149,-0.0198221352531047,0.0015346323654386,-0.0832136536287542,7.92387169125308e-05,6.86295331912851e-05,7
16,0.8,0.095,0.2,0,0,0.0475,0.1,-0.374462121750543,-0.451955508344597,0.234227540926711,0.316538454360397,0.57930327908014,-0.102284701632619,0.744143102884153,0.566382308079232,-0.857332528174692,1.18704700984508,0.333078130955954,-0.523965284017567,0.749007469187285,0.095908389540058,-0.139053356312482,0.271381657241185,-0.0162798602335129,0.0021520821577059,-0.0850941748565714,7.92487788413721e-05,6.86323026454573e-05,7
17,0.85,0.105,0.2,0,0,0.0525,0.1,-0.369462121750543,-0.451955508344597,0.234227540926711,0.315201402224314,0.57845360541127,-0.101636193844661,0.745459312453269,0.571209099725152,-0.864222949278765,1.20050323035196,0.332352225231142,-0.523842251551842,0.744705152261203,0.0971724530528084,-0.136584137376038,0.266924530264487,-0.0127726921972821,0.00276866697270006,-0.0870229021196145,7.92583568856291e-05,6.86351011042051e-05,7
18,0.9,0.115,0.2,0,0,0.0575,0.1,-0.364462121750543,-0.451955508344597,0.234227540926711,0.31386288042269,0.577601234630888,-0.100987212165373,0.746772046226097,0.576099553384513,-0.870990941912295,1.21373946287152,0.331800861736226,-0.523688417320297,0.740305178975323,0.0984549511008759,-0.134154116873785,0.262578241189524,-0.00929587802873666,0.00338390309723602,-0.0890009848785245,7.92675629133556e-05,6.86379964992247e-05,7
19,0.95,0.125,0.2,0,0,0.0625,0.1,-0.359462121750543,-0.451955508344597,0.234227540926711,0.31252289519655,0.576746170713277,-0.100337759620713,0.748081298081856,0.58105459483524,-0.877638360966144,1.22676105447091,0.331422637428268,-0.523503861242118,0.73580505377335,0.0997560410477694,-0.131759236480091,0.258335302817268,-0.00584499003643324,0.00399727589266763,-0.0910295390628757,7.92764238012077e-05,6.86409888182493e-05,7
20,1,0.135,0.2,0,0,0.0675,0.1,-0.354462121750543,-0.451955508344597,0.234227540926711,0.311181452793739,0.575888417645279,-0.0996878392388322,0.749387061915995,0.58607515748929,-0.884166865560305,1.23957299315325,0.331216362732583,-0.52328868973103,0.731202225069036,0.101075871325715,-0.129395710559096,0.254188811890932,-0.00241590229718869,0.00460823957590617,-0.0931096897279393,7.92849627338836e-05,6.86441071611078e-05,7
21,1.05,0.145,0.2,0,0,0.0725,0.1,-0.349462121750543,-0.451955508344597,0.234227540926711,0.309838559468899,0.575027979426274,-0.099037454050066,0.75068933164023,0.591162181967811,-0.890577932022053,1.25217993566,0.33118104719855,-0.523043037284528,0.726494084800557,0.102414581508687,-0.127060000646865,0.250132394890856,0.000995237207657151,0.00521621589894216,-0.0952425698066771,7.92932007268537e-05,6.86473353377786e-05,7
22,1.1,0.155,0.2,0,0,0.0775,0.1,-0.344462121750543,-0.451955508344597,0.234227540926711,0.308494221483437,0.574164860068162,-0.0983866070869155,0.751988101182566,0.596316615640159,-0.896872865624991,1.26458623264234,0.331315886453348,-0.522767068141136,0.721677968088368,0.103772301558751,-0.124748792213256,0.246160158543129,0.004392030825211,0.00582059277537294,-0.0974293178975826,7.93011568708291e-05,6.86506862704168e-05,7
23,1.15,0.165,0.2,0,0,0.0825,0.1,-0.339462121750543,-0.451955508344597,0.234227540926711,0.307148445105494,0.573299063595343,-0.0977353013840352,0.75328336448733,0.601539412123687,-0.903052811243379,1.27679595151432,0.331620250281071,-0.52246097800699,0.716751153010798,0.105149151022871,-0.122458974327033,0.242266646190694,0.00777785222685955,0.00642072288327133,-0.0996710757672003,7.93088485292544e-05,6.86541534725506e-05,7
24,1.2,0.175,0.2,0,0,0.0875,0.1,-0.334462121750543,-0.451955508344597,0.234227540926711,0.30580123660992,0.572430594044701,-0.0970835399782185,0.754575115515197,0.606831530742446,-0.909118763057694,1.28881289726141,0.332093671676034,-0.522124995852809,0.711710860511648,0.106545238191879,-0.12018762187031,0.2384467992727,0.0111558645596272,0.00701592224879867,-0.101968985555646,7.93162915094694e-05,6.86577530969626e-05,7
25,1.25,0.185,0.2,0,0,0.0925,0.1,-0.329462121750543,-0.451955508344597,0.234227540926711,0.30445260227824,0.571559455465582,-0.0964313259083836,0.755863348243217,0.612193935942874,-0.91507157343041,1.30064063144159,0.332735836737033,-0.52175938578211,0.706554254455234,0.107960659221156,-0.117931979990133,0.234695923245792,0.01452903608341,0.00760546881511949,-0.104324186660886,7.93235002139447e-05,6.8661485122826e-05,7
26,1.3,0.195,0.2,0,0,0.0975,0.1,-0.324462121750543,-0.451955508344597,0.234227540926711,0.30310254839863,0.570685651919777,-0.0957786622155594,0.757148056664846,0.617627596664561,-0.920911961056708,1.31228248958598,0.333546575284375,-0.521364448971297,0.701278441845559,0.109395497212483,-0.115689450522727,0.231009657379215,0.0179001535723228,0.00818860100190832,-0.106737812276116,7.93304877719387e-05,6.86653527622734e-05,7
27,1.35,0.205,0.2,0,0,0.1025,0.1,-0.319462121750543,-0.451955508344597,0.234227540926711,0.301751081265882,0.569809187481504,-0.095125551942871,0.758429234789973,0.623133485664123,-0.926640518482683,1.32374159717951,0.334525852094266,-0.52094052568192,0.695880473227622,0.110849821256615,-0.113457580165774,0.227383947937694,0.0212718337147261,0.00876451626148355,-0.109210985553081,7.93372661554654e-05,6.866936892652e-05,7
28,1.4,0.215,0.2,0,0,0.1075,0.1,-0.314462121750543,-0.451955508344597,0.234227540926711,0.300398207181379,0.568930066237387,-0.0944719981355259,0.759706876644944,0.628712578790223,-0.932257719073285,1.33502088437975,0.335673758655848,-0.520487997345148,0.690357343290251,0.112323685436313,-0.111234050207526,0.223815024334677,0.0246465327101186,0.00933236963852723,-0.111744815362983,7.93438462818316e-05,6.86735335895078e-05,7
29,1.45,0.225,0.2,0,0,0.1125,0.1,-0.309462121750543,-0.451955508344597,0.234227540926711,0.299043932453065,0.568048292286438,-0.0938180038407997,0.760980976272598,0.634365854207754,-0.937763923503435,1.34612309961298,0.336990505365277,-0.520007288718067,0.684705991691324,0.113817127789615,-0.109016667649795,0.220299377896403,0.0280265542301517,0.00989127234124033,-0.114340391625392,7.9350238103725e-05,6.86778467242215e-05,7
30,1.5,0.235,0.2,0,0,0.1175,0.1,-0.304462121750543,-0.451955508344597,0.234227540926711,0.297688263395412,0.567163869740035,-0.0931635721080216,0.762251527732287,0.640094291569184,-0.943159385838265,1.35705082216939,0.338476414078863,-0.519498870111024,0.678923304127712,0.115330169233396,-0.106803357585284,0.216833742925087,0.031414055885326,0.0104402903328793,-0.116998780174351,7.93564506890985e-05,6.86823212343801e-05,7
31,1.55,0.245,0.2,0,0,0.1225,0.1,-0.299462121750543,-0.451955508344597,0.234227540926711,0.296331206329395,0.56627680272191,-0.0925087059885606,0.763518525099908,0.645898871131094,-0.948444259261964,1.36780647390549,0.34013191095381,-0.518963259684779,0.673006113673889,0.11686281244743,-0.104592156709792,0.21341507979064,0.034811054317081,0.0109784429536508,-0.11972101713002,7.93624922920782e-05,6.86869603211498e-05,7
32,1.6,0.255,0.2,0,0,0.1275,0.1,-0.294462121750543,-0.451955508344597,0.234227540926711,0.294972767582461,0.565387095368122,-0.0918534085358109,0.764781962467928,0.651780572813927,-0.953618601509244,1.37839233014846,0.341957519510571,-0.518401025815659,0.66695120241471,0.118415040719283,-0.10238120786663,0.210040559814475,0.0382194290165038,0.0115047015841829,-0.122508102743172,7.936837041387e-05,6.86917607187089e-05,7
33,1.65,0.265,0.2,0,0,0.1325,0.1,-0.289462121750543,-0.451955508344597,0.234227540926711,0.293612953488498,0.56449475182704,-0.0911976828051781,0.766041833945415,0.657740375203022,-0.958682380048627,1.38881052988693,0.34395385385546,-0.517812789526361,0.660755303399571,0.119986816750727,-0.100168755534705,0.206707551737839,0.0416409249554744,0.0120179883631444,-0.125360994679209,7.93740918605324e-05,6.86967417867054e-05,7
34,1.7,0.275,0.2,0,0,0.1375,0.1,-0.284462121750543,-0.451955508344597,0.234227540926711,0.292251770387808,0.563599776259329,-0.0905415318540646,0.767298133658062,0.663779254489,-0.963635477062714,1.39906308532224,0.346121612006119,-0.517199226979345,0.654415102946789,0.121578081426526,-0.09795314218368,0.203413609591687,0.0450771541033169,0.0125171749728037,-0.128280600708294,7.9379662789112e-05,6.87018970218402e-05,7
35,1.75,0.285,0.2,0,0,0.1425,0.1,-0.279462121750543,-0.451955508344597,0.234227540926711,0.290889224627076,0.562702172837921,-0.0898849587418552,0.768550855748216,0.669898183345675,-0.968477694266995,1.4091518908461,0.348461569265792,-0.51656107202908,0.647927243328742,0.123188752546725,-0.0957328054296615,0.200156461805683,0.0485295958910249,0.0130010815079496,-0.131267770767779,7.93850887530303e-05,6.87072554706565e-05,7
36,1.8,0.295,0.2,0,0,0.1475,0.1,-0.274462121750543,-0.451955508344597,0.234227540926711,0.28952532255934,0.561801945748005,-0.0892279665299034,0.769799994374906,0.676098129743673,-0.97320875760568,1.41907873150281,0.350974571595221,-0.51589911882855,0.641288325870011,0.124818723523897,-0.0935062759331983,0.196934001411237,0.0519995966764563,0.0134684754450853,-0.134323288363557,7.93903747384475e-05,6.87127944651965e-05,7
37,1.85,0.305,0.2,0,0,0.1525,0.1,-0.269462121750543,-0.451955508344597,0.234227540926711,0.288160070543962,0.560899099186999,-0.0885705582815167,0.771045543713867,0.682380055698064,-0.977828321860315,1.42884529098723,0.353661528933438,-0.515214224484572,0.634494914492386,0.126467862047097,-0.0912721759880929,0.193744277208099,0.0554883682570439,0.0139180707303998,-0.137447861277909,7.93955251989749e-05,6.87185365803352e-05,7
38,1.9,0.315,0.2,0,0,0.1575,0.1,-0.264462121750543,-0.451955508344597,0.234227540926711,0.286793474946598,0.559993637364538,-0.0879127370619424,0.772287497957572,0.688744915948382,-0.98233597520449,1.43845315922362,0.356523408420925,-0.51450731175551,0.62754353974222,0.128136008714643,-0.0890292187553276,0.190585485776438,0.0589969854709515,0.0143485270068799,-0.140642111552676,7.94005440846941e-05,6.87244914579748e-05,7
39,1.95,0.325,0.2,0,0,0.1625,0.1,-0.259462121750543,-0.451955508344597,0.234227540926711,0.28542554213917,0.559085564502451,-0.0872545059383532,0.773525851315256,0.695193656569529,-0.986731243735847,1.44790383956487,0.359561227480533,-0.513779371783884,0.620430703337119,0.129822975638177,-0.0867762081005353,0.187455964226229,0.0625263829238649,0.0147584490025388,-0.143906564718547,7.9405434867975e-05,6.87306493508675e-05,7
40,2,0.335,0.2,0,0,0.1675,0.1,-0.254462121750543,-0.451955508344597,0.234227540926711,0.284056278499833,0.558174884834737,-0.0865958679798334,0.774760598012943,0.7017272135122,-0.991013596014543,1.45719875564624,0.362776046713312,-0.513031466855256,0.613152883270366,0.131528545020895,-0.08451203899696,0.184354183584494,0.0660773508759532,0.0151463861037693,-0.147241638244002,7.94102005650906e-05,6.87370328168976e-05,7
41,2.05,0.345,0.2,0,0,0.1725,0.1,-0.249462121750543,-0.451955508344597,0.234227540926711,0.282685690412949,0.557261602607555,-0.0859368262573638,0.775991732293473,0.708346511071618,-0.995182447635543,1.46633925792332,0.366168962568128,-0.512264733173507,0.605706539512719,0.133252467713227,-0.0822356984580618,0.181278742727735,0.0696505303226507,0.0155108321396169,-0.150647629181112,7.94148437561907e-05,6.87436482533022e-05,7
42,2.1,0.355,0.2,0,0,0.1775,0.1,-0.244462121750543,-0.451955508344597,0.234227540926711,0.281313784269054,0.556345722079197,-0.085277383843808,0.777219248416531,0.715052460283523,-0.999237165860349,1.47532662991902,0.369741099745577,-0.511480383641294,0.598088120352254,0.134994461749698,-0.0799462669653031,0.178228362772528,0.0732464073031272,0.0158502254047089,-0.154124700990116,7.94193666009845e-05,6.87504859039682e-05,7
43,2.15,0.365,0.2,0,0,0.1825,0.1,-0.239462121750543,-0.451955508344597,0.234227540926711,0.27994056646483,0.555427247520067,-0.0846175438138979,0.778443140658671,0.721845957246588,-1.00317707433207,1.48416209420057,0.373493603298441,-0.510679710633036,0.590294069413707,0.136754210871228,-0.0776429203573258,0.175201881841873,0.0768653064716262,0.0161629489506199,-0.157672869529978,7.94237708530905e-05,6.87575779964459e-05,7
44,2.2,0.375,0.2,0,0,0.1875,0.1,-0.234462121750543,-0.451955508344597,0.234227540926711,0.278566043403076,0.554506183212667,-0.0839573092442193,0.779663403313344,0.728727881370645,-1.00700145789608,1.4928468181032,0.37742763039274,-0.509864088746232,0.582320833399257,0.138531363037513,-0.0753249321462634,0.172198250128363,0.0805073839700648,0.0164473311771995,-0.161291988209337,7.94280578696811e-05,6.87649179939315e-05,7
45,2.25,0.385,0.2,0,0,0.1925,0.1,-0.229462121750543,-0.451955508344597,0.234227540926711,0.277190221492674,0.553582533451575,-0.0832966832131976,0.780880030690924,0.735699093550339,-1.0107095675467,1.50138191921341,0.381544341695447,-0.509034977515316,0.574164870592773,0.140325528934736,-0.0729916762258841,0.16921652517804,0.0841726196445219,0.0167016467573933,-0.164981732300668,7.94322286218997e-05,6.87725058170494e-05,7
46,2.3,0.395,0.2,0,0,0.1975,0.1,-0.224462121750543,-0.451955508344597,0.234227540926711,0.275813107148566,0.55265630254342,-0.0826356688010833,0.782093017118736,0.742760434264119,-1.01430062551867,1.50976847062101,0.385844892357192,-0.508193924070493,0.56582266016919,0.142136280484413,-0.0706426299343343,0.16625586732099,0.0878608086537191,0.0169241179308532,-0.168741582429934,7.943628370039e-05,6.87803672102943e-05,7
47,2.35,0.405,0.2,0,0,0.2025,0.1,-0.219462121750543,-0.451955508344597,0.234227540926711,0.274434706791717,0.55172749480687,-0.0819742690899379,0.78330235694108,0.74991272159878,-1.01777383054013,1.51800750594551,0.390330422560819,-0.507342565722231,0.55729071234978,0.143963149359609,-0.0682773774316691,0.16331553517636,0.0915715525247151,0.017112916203188,-0.17257080726565,7.944022332023e-05,6.87884988519405e-05,7
48,2.4,0.415,0.2,0,0,0.2075,0.1,-0.214462121750543,-0.451955508344597,0.234227540926711,0.273055026849089,0.550796114572604,-0.0813124871636196,0.784508044519259,0.75715674920008,-1.02112836326184,1.52610002413864,0.395002047609663,-0.506482632450174,0.548565579442625,0.145805625515493,-0.0658956133488763,0.160394881160672,0.0953042497194239,0.017266164489268,-0.176468445444523,7.94440473237091e-05,6.87969071012352e-05,7
49,2.45,0.425,0.2,0,0,0.2125,0.1,-0.209462121750543,-0.451955508344597,0.234227540926711,0.271674073753611,0.5498621661833,-0.0806503261077682,0.785710074231607,0.76449328415033,-1.02436339187502,1.53404699406157,0.399860847532762,-0.505615949273304,0.539643867805328,0.147663155741646,-0.0634971466609693,0.157493346929496,0.099058085785527,0.017381939740161,-0.180433286785972,7.94477551812018e-05,6.88056176738086e-05,7
50,2.5,0.435,0.2,0,0,0.2175,0.1,-0.204462121750543,-0.451955508344597,0.234227540926711,0.270291853944148,0.548925653993606,-0.0799877890097919,0.78690844047351,0.771923064774245,-1.02747807792793,1.54184935883159,0.404907856188216,-0.504744438476158,0.530522250764028,0.149535142244205,-0.0610819047321431,0.154610458683453,0.102832023176275,0.0174582760941599,-0.184463852864803,7.94513459909953e-05,6.88146207747364e-05,7
51,2.55,0.445,0.2,0,0,0.2225,0.1,-0.199462121750543,-0.451955508344597,0.234227540926711,0.268908373865469,0.547986582370127,-0.0793248789588516,0.788103137657439,0.77944679837475,-1.03047158234824,1.54950803992992,0.410144049850389,-0.503870121663888,0.521197482518847,0.151420941266519,-0.0586499374753013,0.151745822270581,0.106624790836535,0.0174931685929735,-0.188558377030772,7.94548184762623e-05,6.88239259680309e-05,7
52,2.6,0.455,0.2,0,0,0.2275,0.1,-0.194462121750543,-0.451955508344597,0.234227540926711,0.267523639968223,0.547044955691401,-0.0786615990458476,0.789294160212969,0.787065158900896,-1.03334307167546,1.55702394105865,0.41557033527187,-0.502995121616861,0.51166641306095,0.153319861757526,-0.0562014215625161,0.148899118018528,0.110434873666219,0.0174845775041266,-0.192714783984964,7.94581709822762e-05,6.88335492602774e-05,7
53,2.65,0.465,0.2,0,0,0.2325,0.1,-0.189462121750543,-0.451955508344597,0.234227540926711,0.266137658708903,0.546100778347877,-0.0779979523634046,0.790481502586811,0.794778784550503,-1.03609172450449,1.56439795173177,0.421187537217011,-0.502121663913475,0.501926004120351,0.155231164097719,-0.0537366646164216,0.146070095231698,0.114260501987217,0.0174304332901331,-0.196930669046407,7.94614014720776e-05,6.88434937434329e-05,7
54,2.7,0.475,0.2,0,0,0.2375,0.1,-0.184462121750543,-0.451955508344597,0.234227540926711,0.264750436549817,0.545154054741901,-0.0773339420058572,0.791665159242833,0.802588275310668,-1.03871673813711,1.57163095058182,0.426996385470591,-0.501252078287847,0.49197334615631,0.157154058893068,-0.0512561093056109,0.143258566290872,0.118099641156327,0.0173286422639086,-0.20120327726801,7.94645075202357e-05,6.88537754026909e-05,7
55,2.75,0.485,0.2,0,0,0.2425,0.1,-0.179462121750543,-0.451955508344597,0.234227540926711,0.263361979959061,0.544204789287687,-0.0766695710692361,0.792845124662091,0.81049419043981,-1.04121733543505,1.57872380836086,0.432997501332644,-0.500388799687084,0.48180567639355,0.159087705847877,-0.0487603372601142,0.140464400296092,0.121949981483613,0.017177092967961,-0.205529482588445,7.94674863076912e-05,6.88643844139027e-05,7
56,2.8,0.495,0.2,0,0,0.2475,0.1,-0.174462121750543,-0.451955508344597,0.234227540926711,0.261972295410485,0.543252986411304,-0.0760048426512528,0.794021393342849,0.818497045895456,-1.04359277186312,1.58567739061143,0.439191383618953,-0.499534368991051,0.471420397897465,0.16103121272804,-0.0462500727155701,0.137687516197589,0.125808928633296,0.016973663312147,-0.209905767235718,7.94703346143607e-05,6.88753593121465e-05,7
57,2.85,0.505,0.2,0,0,0.2525,0.1,-0.169462121750543,-0.451955508344597,0.234227540926711,0.260581389383666,0.542298650550651,-0.0753397598512859,0.795193959800609,0.826597311712614,-1.04584234270661,1.59249255998062,0.445578394195973,-0.49869143335587,0.460815099669978,0.162983634426622,-0.0437261857876425,0.134927875365112,0.129673594702421,0.0167162285011202,-0.214328201629357,7.94730488134589e-05,6.88866870292216e-05,7
58,2.9,0.515,0.2,0,0,0.2575,0.1,-0.164462121750543,-0.451955508344597,0.234227540926711,0.259189268363874,0.541341786155435,-0.0746743257703661,0.796362818568135,0.834795409338118,-1.04796539044188,1.59917017814794,0.452158743089195,-0.497862746140939,0.44998757773453,0.164943972144168,-0.0411896952711354,0.132185473552755,0.133540790190509,0.016402669777768,-0.218792425059747,7.94756248642231e-05,6.88983802822428e-05,7
59,2.95,0.525,0.2,0,0,0.2625,0.1,-0.159462121750543,-0.451955508344597,0.234227540926711,0.257795938842047,0.540382397687157,-0.0740085435111624,0.797527964195478,0.84309170892703,-1.04996131223372,1.60571110733589,0.458932473215024,-0.497051166378093,0.438935857164003,0.166911172696474,-0.0386417708518684,0.129460332224687,0.13740701709082,0.0160308840030216,-0.223293627455736,7.94780583069677e-05,6.89104421073492e-05,7
60,3,0.535,0.2,0,0,0.2675,0.1,-0.154462121750543,-0.451955508344597,0.234227540926711,0.256401407314756,0.539420489619083,-0.0733424161779668,0.798689391250002,0.851486526607766,-1.05182956752707,1.61211621137041,0.465899444798277,-0.496259657740637,0.427658214988956,0.168884127962913,-0.036083734613681,0.126752489217532,0.141268463350449,0.015598794085257,-0.227826532584267,7.9480344258466e-05,6.89228948625038e-05,7
61,3.05,0.545,0.2,0,0,0.2725,0.1,-0.149462121750543,-0.451955508344597,0.234227540926711,0.255005680284176,0.538456066436229,-0.0726759468766805,0.799847094316411,0.859980121723322,-1.05356968569509,1.61838635625765,0.473059319550069,-0.495491286969567,0.416153203905577,0.170861674488585,-0.0335170617183045,0.124061988727193,0.145120998961198,0.0151043602638168,-0.232385383057175,7.94824774092503e-05,6.89357415568879e-05,7
62,3.1,0.555,0.2,0,0,0.2775,0.1,-0.144462121750543,-0.451955508344597,0.234227540926711,0.253608764258058,0.537489132635337,-0.072009138714799,0.801001067996771,0.868572694056624,-1.0551812736989,1.62452241024313,0.480411544694397,-0.494749221714255,0.404419676683238,0.17284259325371,-0.0309433801328196,0.121388870622177,0.148960173955657,0.0145455922413434,-0.236963927550493,7.94844520231958e-05,6.89489787498841e-05,7
63,3.15,0.565,0.2,0,0,0.2825,0.1,-0.139462121750543,-0.451955508344597,0.234227540926711,0.252210665749695,0.536519692724855,-0.0713419948013978,0.802151306910535,0.877264381048693,-1.05666402370837,1.63052524331986,0.487955336945635,-0.494036727745433,0.392456811150527,0.174825609623781,-0.0283644692779838,0.118733159101774,0.152781218592159,0.0139205621481836,-0.241555410668372,7.94862619401289e-05,6.89626384144462e-05,7
64,3.2,0.575,0.2,0,0,0.2875,0.1,-0.134462121750543,-0.451955508344597,0.234227540926711,0.250811391277894,0.535547751224918,-0.0706745182471182,0.803297805694574,0.886055255019002,-1.0580177206267,1.63639572615331,0.495689666553612,-0.493357165499437,0.380264135616401,0.176809393493857,-0.0257822574716116,0.116094850736046,0.156579046017786,0.0132274183090725,-0.246152565907078,7.94879005819164e-05,6.89766977657136e-05,7
65,3.25,0.585,0.2,0,0,0.2925,0.1,-0.129462121750543,-0.451955508344597,0.234227540926711,0.249410947366947,0.534573312667323,-0.070006712164152,0.804440559003195,0.894945320398078,-1.05924224945553,1.64213472839347,0.503613241547414,-0.492713985914526,0.36784155455982,0.178792559640182,-0.0231988180447828,0.113473901945167,0.160348257699021,0.0124643997680907,-0.250747612192143,7.94893609632888e-05,6.89911726515855e-05,7
66,3.3,0.595,0.2,0,0,0.2975,0.1,-0.124462121750543,-0.451955508344597,0.234227540926711,0.248009340546596,0.53359638159551,-0.0693385796662277,0.805579561508168,0.90393451098302,-1.06033760243118,1.64774311634782,0.511724492323515,-0.492110725522628,0.355189374397187,0.180773668292054,-0.0206163640149737,0.110870215998167,0.164083151904377,0.0116298515121482,-0.255332254472499,7.94906357070282e-05,6.90060788993444e-05,7
67,3.35,0.605,0.2,0,0,0.3025,0.1,-0.119462121750543,-0.451955508344597,0.234227540926711,0.246606577352006,0.53261696256454,-0.0686701238685959,0.806714807898754,0.913022687227284,-1.06130388585703,1.65322174999329,0.520021556737851,-0.491551000763311,0.34230832911257,0.182751225936356,-0.0180372412101692,0.108283629635566,0.16777773551157,0.0107222403162033,-0.259897688858251,7.94917170663497e-05,6.90214065783938e-05,7
68,3.4,0.615,0.2,0,0,0.3075,0.1,-0.114462121750543,-0.451955508344597,0.234227540926711,0.245202664323734,0.531635060141078,-0.0680013478880144,0.807846292881726,0.922209633576656,-1.06214132655219,1.65857147931138,0.528502265874672,-0.491038501491008,0.329199605511362,0.184723686366502,-0.0154639197514639,0.105713899445772,0.171425739392308,0.00974017111534885,-0.264434612781111,7.94925969531847e-05,6.90371682732565e-05,7
69,3.45,0.625,0.2,0,0,0.3125,0.1,-0.109462121750543,-0.451955508344597,0.234227540926711,0.243797608007699,0.530650678903363,-0.0673322548427339,0.808974011181396,0.931495055863934,-1.06285027783217,1.66379313993786,0.537164130677082,-0.490576983651776,0.315864867834458,0.186689451986895,-0.0128989838191829,0.103160688151642,0.175020637600133,0.00868240378999851,-0.26893324063785,7.94932669740323e-05,6.90533540400818e-05,7
70,3.5,0.635,0.2,0,0,0.3175,0.1,-0.104462121750543,-0.451955508344597,0.234227540926711,0.242391414955149,0.529663823441196,-0.0666628478524836,0.810097957539637,0.940878578775346,-1.06343122493411,1.66888754812655,0.546004329634685,-0.490170261112008,0.302306281447577,0.188646875382874,-0.01034511964914,0.100623550990144,0.178555670550162,0.00754787023093561,-0.273383325345348,7.94937184739625e-05,6.90699860841832e-05,7
71,3.55,0.645,0.2,0,0,0.3225,0.1,-0.0994621217505432,-0.451955508344597,0.234227540926711,0.240984091722633,0.528674498355912,-0.0659931300384564,0.81121812671591,0.950359743402221,-1.06388478979709,1.67385549503688,0.555019697732098,-0.489822196628682,0.288526535299924,0.190594261165186,-0.00780510173145957,0.0981019223939254,0.182023872333596,0.00633569153127958,-0.277774186189795,7.94939425908416e-05,6.90870351574026e-05,7
72,3.6,0.655,0.2,0,0,0.3275,0.1,-0.0944621217505432,-0.451955508344597,0.234227540926711,0.239575644871971,0.527682708260361,-0.0653231045232945,0.812334513487287,0.959938004891864,-1.06421173510726,1.67869774036594,0.564206716868044,-0.48953669195888,0.274528862828597,0.19252986809662,-0.00528177721442535,0.0955951032081436,0.185418102254235,0.00504519513312873,-0.282094743291362,7.94939303168331e-05,6.91045073774212e-05,7
73,3.65,0.665,0.2,0,0,0.3325,0.1,-0.0894621217505432,-0.451955508344597,0.234227540926711,0.238166080970219,0.526688457778889,-0.0646527744310747,0.813447112648479,0.969612730211883,-1.06441296751853,1.68341500535769,0.573561507957522,-0.489317677115369,0.260317060970787,0.194451911506962,-0.0027780485494655,0.0931022486976739,0.188731080609129,0.00367593173802527,-0.286333558928306,7.94936725712409e-05,6.91223992110205e-05,7
74,3.7,0.675,0.2,0,0,0.3375,0.1,-0.0844621217505432,-0.451955508344597,0.234227540926711,0.236755406589645,0.52569175154731,-0.063982142887294,0.814555919011852,0.97938319604256,-1.0644895399622,1.6880079652357,0.583079824928957,-0.489169098785077,0.245895506935767,0.196358566000882,-0.000296854450980711,0.0906223576181401,0.191955428661206,0.00222769177314009,-0.290478885870819,7.94931602831903e-05,6.91406910635105e-05,7
75,3.75,0.685,0.2,0,0,0.3425,0.1,-0.0794621217505432,-0.451955508344597,0.234227540926711,0.235343628307692,0.524692594212891,-0.063311213018855,0.815660927407461,0.989248586811972,-1.06444265296363,1.69247724111951,0.592757050823642,-0.489094907938055,0.231269172383706,0.198247968461444,0.00215885071528587,0.0881542626373809,0.195083712669278,0.000700521189849756,-0.294518722765361,7.94923844832976e-05,6.91593826174901e-05,7
76,3.8,0.695,0.2,0,0,0.3475,0.1,-0.0744621217505432,-0.451955508344597,0.234227540926711,0.23393075270695,0.523690990434327,-0.0626399879540513,0.816762132683066,0.999207992888705,-1.06427365489068,1.69682339149944,0.602588196195885,-0.489099046666092,0.216443634659231,0.200118221350031,0.00458611895934655,0.085696622401445,0.19810849175115,-0.000905263641270965,-0.298440876485239,7.94913364064494e-05,6.91784542905536e-05,7
77,3.85,0.705,0.2,0,0,0.3525,0.1,-0.0694621217505432,-0.451955508344597,0.234227540926711,0.232516786375128,0.522686944881718,-0.0619684708225527,0.817859529704162,1.00926040894697,-1.06398404106769,1.70104690335965,0.612567899998758,-0.489185434302183,0.201425084735182,0.201967396301299,0.00698203191003221,0.0832479155393039,0.201022369260504,-0.00258906218433552,-0.302233031224587,7.94900076024457e-05,6.91978865153988e-05,7
78,3.9,0.715,0.2,0,0,0.3575,0.1,-0.0644621217505432,-0.451955508344597,0.234227540926711,0.231101735905017,0.521680462236552,-0.061296664755391,0.818953113354,1.01940473251883,-1.06357545169967,1.70514818305337,0.622690433121936,-0.489357952884526,0.186220331536772,0.20379353800951,0.00934372503171635,0.0808064368920827,0.20381804726033,-0.00434997739163891,-0.305882823963236,7.94883900542527e-05,6.92176404933398e-05,7
79,3.95,0.725,0.2,0,0,0.3625,0.1,-0.0594621217505432,-0.451955508344597,0.234227540926711,0.229685607894467,0.520671547191679,-0.0606245728849451,0.820042878533611,1.02963976274793,-1.06304966856452,1.70912754704886,0.632949704724791,-0.489620432041346,0.170836802338858,0.205594668400207,0.0116684125305211,0.0783702962356883,0.206488383576495,-0.00618680500824755,-0.309377925771538,7.94864763052447e-05,6.923772236296e-05,7
80,4,0.735,0.2,0,0,0.3675,0.1,-0.0544621217505432,-0.451955508344597,0.234227540926711,0.228268408946349,0.51966020445129,-0.0599521983449265,0.821128820161829,1.03996419935886,-1.06240861044662,1.71298521267694,0.643339271479585,-0.489976633385351,0.155282538959618,0.207368791078714,0.0139534126274387,0.0759374197383629,0.209026450818671,-0.00809802477492789,-0.312706128261774,7.94842595887595e-05,6.92580645120831e-05,7
81,4.05,0.745,0.2,0,0,0.3725,0.1,-0.0494621217505432,-0.451955508344597,0.234227540926711,0.226850145668528,0.518646438730895,-0.0592795442703646,0.822210933175317,1.0503766418558,-1.06165432730178,1.7167212890227,0.653852349806658,-0.490430234518839,0.13956618951268,0.20911389604425,0.0161961728418824,0.0735055543576953,0.211425596664817,-0.0100817937667635,-0.315855434330154,7.94817339630788e-05,6.92786474808696e-05,7
82,4.1,0.755,0.2,0,0,0.3775,0.1,-0.0444621217505431,-0.451955508344597,0.234227540926711,0.225430824673833,0.517630254757303,-0.0586066137975924,0.82328921252859,1.06087558896328,-1.06078899316243,1.72033576811271,0.664481831146067,-0.490984812762027,0.123696995526603,0.210827964655929,0.0183942949015004,0.0710722753345052,0.213679504623088,-0.0121359420889916,-0.318814152175806,7.94788944460051e-05,6.92994197886183e-05,7
83,4.15,0.765,0.2,0,0,0.3825,0.1,-0.0394621217505431,-0.451955508344597,0.234227540926711,0.224010452580023,0.516611657268596,-0.0579334100642315,0.824363653194036,1.07145943832139,-1.05981489781163,1.72382851655615,0.675220300268967,-0.491643828727738,0.1076847742951,0.212508974834188,0.0205455588742343,0.0686349968842895,0.215782254415586,-0.0142579711298597,-0.32157099143657,7.94757371480623e-05,6.9320349233464e-05,7
84,4.2,0.775,0.2,0,0,0.3875,0.1,-0.0344621217505432,-0.451955508344597,0.234227540926711,0.222589036009759,0.515590651014113,-0.0572599362091775,0.825434250161943,1.0821264864467,-1.05873443727501,1.72719926780114,0.686060056587625,-0.492410609875013,0.0915398963829458,0.214154906478455,0.0226479461078012,0.0661909861217371,0.217728381074362,-0.0164450545422818,-0.324115160150866,7.94722594011092e-05,6.93413812358309e-05,7
85,4.25,0.785,0.2,0,0,0.3925,0.1,-0.0294621217505432,-0.451955508344597,0.234227540926711,0.221166581590572,0.514567240754421,-0.0565861953725856,0.826500998440521,1.09287492896924,-1.05755010320085,1.73044761516832,0.696993138376403,-0.493288334181967,0.0752732582800135,0.215763747079313,0.0246996605613957,0.0637373801815141,0.219512931805126,-0.0186940420924602,-0.32643646114663,7.94684598800162e-05,6.93624388731276e-05,7
86,4.3,0.795,0.2,0,0,0.3975,0.1,-0.0244621217505431,-0.451955508344597,0.234227540926711,0.219743095954832,0.513541431261297,-0.0559121906958559,0.827563893055923,1.10370286115463,-1.05626447121887,1.73357300581929,0.708011349768138,-0.494280014084259,0.0588962502682826,0.217333497500823,0.0266991481250998,0.0612712064211382,0.221131519660848,-0.0210014664746132,-0.328525386377719,7.94643387134695e-05,6.93834741182498e-05,7
87,4.35,0.805,0.2,0,0,0.4025,0.1,-0.0194621217505431,-0.451955508344597,0.234227540926711,0.218318585739715,0.512513227317704,-0.0552379253216185,0.828622929052271,1.11460827871932,-1.05488018838834,1.73657473581043,0.719106290342488,-0.495388480829428,0.0424207196422414,0.218862177906141,0.0286451135449163,0.0587894055112972,0.222580373077792,-0.0233635531470939,-0.330373207679927,7.94598975807231e-05,6.94044358030083e-05,7
88,4.4,0.815,0.2,0,0,0.4075,0.1,-0.0144621217505432,-0.451955508344597,0.234227540926711,0.216893057587179,0.511482633717771,-0.0545634023937193,0.82967810149168,1.12558907894524,-1.05339995986438,1.73945194637042,0.730269387075917,-0.496616369398968,0.02585892950029,0.220347833797315,0.0305365346052567,0.0562888571385647,0.223856380361943,-0.0257762331977125,-0.331972062407214,7.94551397933992e-05,6.94252184492971e-05,7
89,4.45,0.825,0.2,0,0,0.4125,0.1,-0.00946212175054317,-0.451955508344597,0.234227540926711,0.215466518143923,0.510449655266768,-0.0538886250572047,0.830729405454277,1.13664306209905,-1.05182653492781,1.74220362152429,0.741491928378682,-0.497966104149199,0.00922351340152008,0.221788542137994,0.0323726732660347,0.0537664079677393,0.224957128274627,-0.0282351591957653,-0.333315032436407,7.94500703573954e-05,6.94457742571557e-05,7
90,4.5,0.835,0.2,0,0,0.4175,0.1,-0.00446212175054322,-0.451955508344597,0.234227540926711,0.214038974061364,0.509414296781085,-0.0532135964583078,0.831776836038227,1.14776793315904,-1.05016269253777,1.7448285871672,0.75276509990338,-0.499439885318545,-0.00747257374335058,0.223182417525779,0.034153083506969,0.0512189014390649,0.225880933951859,-0.0307357239366317,-0.334396215097348,7.94446960136496e-05,6.94660107309786e-05,7
91,4.55,0.845,0.2,0,0,0.4225,0.1,0.000537878249456891,-0.451955508344597,0.234227540926711,0.212610431995604,0.508376563088208,-0.0525383197444327,0.832820388359756,1.15896130385163,-1.04841122657712,1.7473255116682,0.764080021773868,-0.501039676542862,-0.0242161081082149,0.224527618379423,0.0358776156960559,0.0486432089122532,0.226626869501143,-0.0332730819327863,-0.335210784695333,7.94390252573089e-05,6.94858418703104e-05,7
92,4.6,0.855,0.2,0,0,0.4275,0.1,0.00553787824945684,-0.451955508344597,0.234227540926711,0.211180898607397,0.5073364590267,-0.0518627980641407,0.833860057553172,1.17022069499699,-1.04657493096817,1.74969290805842,0.775427786853494,-0.502767193511824,-0.0409936522128841,0.22582235310452,0.03754641737038,0.0460362616177525,0.227194778749175,-0.0358421734547422,-0.335755043441368,7.94330683304497e-05,6.95052041291847e-05,7
93,4.65,0.865,0.2,0,0,0.4325,0.1,0.0105378782494568,-0.451955508344597,0.234227540926711,0.209750380562118,0.506293989446175,-0.0511870345671354,0.834895838770889,1.18154353916208,-1.04465658484008,1.75192913782997,0.786799499648785,-0.504623893888337,-0.0577916124523516,0.227064886200371,0.0391599303936509,0.0433950828377762,0.22758528576112,-0.0384377508778035,-0.336026460790999,7.94268371920546e-05,6.95239861169917e-05,7
94,4.7,0.875,0.2,0,0,0.4375,0.1,0.0155378782494568,-0.451955508344597,0.234227540926711,0.208318884529736,0.505249159207275,-0.0505110324042475,0.835927727183448,1.19292718361702,-1.0426589379288,1.7540324163422,0.798186315429606,-0.506610968599604,-0.0745962982919839,0.22825354426997,0.0407188845330954,0.0407168197176679,0.227799794912325,-0.0410544070469089,-0.336023700408625,7.94203454621726e-05,6.95421084801402e-05,7
95,4.75,0.885,0.2,0,0,0.4425,0.1,0.0205378782494567,-0.451955508344597,0.234227540926711,0.206886417184777,0.504201973181652,-0.0498347947274209,0.836955717979542,1.20436889358908,-1.04058469638677,1.75600081980174,0.809579479140018,-0.508729334593027,-0.0913939824932139,0.229386721894648,0.0422242875762511,0.037998774103609,0.227840482461377,-0.0436866053341476,-0.335746634215049,7.94136083416339e-05,6.95594727774579e-05,7
96,4.8,0.895,0.2,0,0,0.4475,0.1,0.0255378782494568,-0.451955508344597,0.234227540926711,0.205452985206299,0.503152436251939,-0.0491583246896973,0.837979806366037,1.21586585580649,-1.03843650917118,1.75783229375256,0.820970363675744,-0.510979629133019,-0.108170961713489,0.230462887334942,0.0436774121831271,0.0352384318154362,0.227710279744331,-0.0463287110321639,-0.335196343234593,7.94066425099525e-05,6.95760157486358e-05,7
97,4.85,0.905,0.2,0,0,0.4525,0.1,0.0305378782494568,-0.451955508344597,0.234227540926711,0.204018595277854,0.502100553311732,-0.0484816254452021,0.838999987567994,1.22741518232257,-1.03621695516846,1.75952466298328,0.832350507114451,-0.513362205696244,-0.124913616816673,0.231480588019713,0.0450797797385529,0.0324334897937929,0.227412848278238,-0.048975023703234,-0.334375105225817,7.93994660006294e-05,6.95916326870492e-05,7
98,4.9,0.915,0.2,0,0,0.4575,0.1,0.0355378782494568,-0.451955508344597,0.234227540926711,0.202583254087464,0.501046329265566,-0.0478047001491292,0.840016256828692,1.23901391460846,-1.03392853119732,1.76107564273194,0.843711648503568,-0.515877131503342,-0.141608472236071,0.232438455786313,0.046433141530682,0.0295818806080318,0.226952547221932,-0.0516198100883749,-0.333286369348001,7.93920980598129e-05,6.96062508458138e-05,7
99,4.95,0.925,0.2,0,0,0.4625,0.1,0.0405378782494568,-0.451955508344597,0.234227540926711,0.201146968327584,0.499989769028892,-0.0471275519577265,0.84102860940965,1.2506590279012,-1.03157364101539,1.76248285104409,0.855045761836644,-0.518524186705081,-0.158242253751473,0.23333521183584,0.047739457633076,0.026681793872947,0.226334393788807,-0.0542573371742041,-0.331934718375453,7.93845589875893e-05,6.96197847406128e-05,7
100,5,0.935,0.2,0,0,0.4675,0.1,0.0455378782494568,-0.451955508344597,0.234227540926711,0.199709744695075,0.49893087752805,-0.0464501840282813,0.842037040590648,1.26234743579204,-1.02915458543401,1.76374382211923,0.866345087882448,-0.521302865220762,-0.174801944073616,0.233687865486393,0.0488979151755029,0.0236890525834331,0.225103231662324,-0.0567599951722139,-0.32965205409346,7.93768699685848e-05,6.96321552831425e-05,7
101,5.05,0.944958333333333,0.1975,-0.100000000000001,-2,0.472479166666667,0.09875,0.0505170449161235,-0.451955508344597,0.234227540926711,0.198277584125456,0.497874086260699,-0.0457754232328611,0.843037368383691,1.27402781444984,-1.02668384949784,1.76485175630243,0.877556085002876,-0.524200186222303,-0.19120745916082,0.231067269481128,0.049375272188503,0.0204380929907287,0.220971229252559,-0.0584687506729084,-0.323099775763557,7.90435140807199e-05,6.93532955788261e-05,7
102,5.1,0.954666666666667,0.19,-0.200000000000001,-2,0.477333333333333,0.0949999999999999,0.0553712115827902,-0.451955508344597,0.234227540926711,0.196880494753747,0.496841609148104,-0.0451173982589039,0.844008830865524,1.28545416274016,-1.02421705821516,1.76578763141831,0.888442210807704,-0.527149740288053,-0.207111921649972,0.222986665296388,0.0485825102504746,0.0168968442446205,0.211675029959973,-0.0586058972142314,-0.309001735662073,7.70777439562957e-05,6.76186258179813e-05,7
103,5.15,0.963875,0.1775,-0.300000000000001,-2,0.4819375,0.08875,0.0599753782494568,-0.451955508344597,0.234227540926711,0.195554558866412,0.4958602891089,-0.0444930797184743,0.844926833547477,1.29632648097948,-1.02182559847279,1.76654144072689,0.898723587998874,-0.530060775943726,-0.222107632727027,0.208876839698403,0.0463158735057846,0.0132947497228653,0.196842034345001,-0.0568163726462725,-0.286868151946443,7.31347825077442e-05,6.41222470550137e-05,7
104,5.2,0.972333333333333,0.16,-0.4,-2,0.486166666666667,0.08,0.0642045449161234,-0.451955508344597,0.234227540926711,0.194335936379824,0.494957168071016,-0.0439194555926582,0.845767123401555,1.30634184671,-1.01958547086459,1.76711710639059,0.908126414242204,-0.532831377552681,-0.235798736844616,0.188697465484478,0.0424958874202065,0.00989124711317183,0.176600477244257,-0.0529023706896938,-0.256944768567647,6.72102306599563e-05,5.88667426190253e-05,7
105,5.25,0.979791666666667,0.1375,-0.5,-2,0.489895833333333,0.06875,0.0679337115827901,-0.451955508344597,0.234227540926711,0.193260849521742,0.494159450049982,-0.0434135274859366,0.846505728037124,1.31519622752793,-1.01757600973077,1.76753056543821,0.916383635723299,-0.535351013012695,-0.247802109583791,0.161740517784593,0.0369067063372095,0.00687659923227498,0.150434735300397,-0.0465135977477313,-0.218538735670374,5.93045024068098e-05,5.18645399205337e-05,7
106,5.3,0.986041666666667,0.1125,-0.5,0,0.493020833333333,0.0562499999999998,0.0710587115827901,-0.451955508344597,0.234227540926711,0.192359552611518,0.493489984140999,-0.042989478616555,0.847122979737824,1.32251589848846,-1.01589480023087,1.76780476631382,0.923169887772244,-0.537482737327454,-0.257652610411653,0.133017945929711,0.0306874812087863,0.00451734649987265,0.123048678792022,-0.0390699663629244,-0.178505870917756,9.94860327003451e-05,8.68255973096666e-05,6
107,5.35,0.991041666666667,0.0874999999999997,-0.5,0,0.495520833333333,0.0437499999999999,0.0735587115827901,-0.451955508344597,0.234227540926711,0.191638262751277,0.492953764210606,-0.0426501831091509,0.84761567026632,1.3284980221209,-1.01450726160989,1.76798230008819,0.928688503602502,-0.539258009648988,-0.265652696675567,0.104875707397723,0.0244044762803909,0.00283733751270666,0.0965862737638749,-0.0313160356779453,-0.139953478553973,8.12159212362593e-05,7.07637177307769e-05,6
108,5.4,0.994791666666667,0.0624999999999998,-0.5,0,0.497395833333333,0.0312499999999999,0.0754337115827901,-0.451955508344597,0.234227540926711,0.191097148714131,0.492551222137742,-0.0423956788312003,0.847984539800336,1.33300346922823,-1.01345435260283,1.76808850006509,0.932828515148632,-0.540614340895248,-0.271647958267051,0.0747576366962746,0.0175068820663005,0.00163426770034559,0.0686179473311046,-0.0225939326360403,-0.0993374413024948,6.11204885961238e-05,5.31444268365802e-05,6
109,5.45,0.997333333333334,0.0400000000000001,-0.4,2,0.498666666666667,0.02,0.0767045449161235,-0.451955508344597,0.234227540926711,0.190730322380359,0.492278204423141,-0.0422231656716308,0.848234235253022,1.33597378579053,-1.01275657340326,1.76814572685823,0.935550298335612,-0.541517402912592,-0.275586440805817,0.0487560655253174,0.0114694561043583,0.000883201444956686,0.044643075315355,-0.0148619082779756,-0.0645861669488737,8.32363385378676e-05,7.22156578728472e-05,5
110,5.5,0.998875,0.0225000000000001,-0.300000000000001,2,0.4994375,0.0112500000000001,0.0774753782494567,-0.451955508344597,0.234227540926711,0.19050779316299,0.492112531262587,-0.04211852034209,0.848385565390341,1.33787907578076,-1.01230740699239,1.76817682020959,0.937292822680167,-0.542100531723046,-0.278106574961938,0.0284076682969768,0.00670130304183388,0.000448325031017214,0.0259717453065221,-0.00870485240620162,-0.0375580828545433,5.33747367580152e-05,4.62448889080192e-05,5
111,5.55,0.999666666666667,0.00999999999999993,-0.199999999999999,2,0.499833333333333,0.00499999999999996,0.0778712115827902,-0.451955508344597,0.234227540926711,0.190393513197038,0.492027434662066,-0.0420647817366997,0.84846323892659,1.33881455262022,-1.01208644309908,1.76819055936133,0.938147472866264,-0.542387888153212,-0.279342249091271,0.0129604921222026,0.00306214290239469,0.000187431194964559,0.0118389462928425,-0.00398315106097556,-0.0171163321017364,5.61485687953805e-05,4.8578763661257e-05,4
112,5.6,0.999958333333333,0.00249999999999998,-0.0999999999999996,2,0.499979166666667,0.00124999999999999,0.0780170449161234,-0.451955508344597,0.234227540926711,0.190351408649014,0.491996079658372,-0.0420449829931897,0.848491849242661,1.33917512499298,-1.01200119270215,1.76819556332908,0.938476717309451,-0.542498846829143,-0.279818208172112,0.00360572372755997,0.000852503969255295,5.00396775215963e-05,0.0032924444318705,-0.00110958675931472,-0.00475959080840695,5.0494620320761e-05,4.36560588800498e-05,3
113,5.65,1,0,0,2,0.5,0,0.0780378782494567,-0.451955508344597,0.234227540926711,0.190345393651943,0.491991600212822,-0.0420421545876439,0.848495936155938,1.33917512499298,-1.01200119270215,1.76819556332908,0.938476717309451,-0.542498846829143,-0.279818208172112,0,0,0,0,0,0,7.13279532914607e-05,6.16503269804025e-05,1
