sample,time,s,sDot,sDDot,sDDDot,arcLength,tcpSpeed,px,py,pz,qw,qx,qy,qz,q1,q2,q3,q4,q5,q6,qd1,qd2,qd3,qd4,qd5,qd6,positionError,orientationError,ikIterations
0,0.000000000000,0.000000000000,0.000000000000,0.000000000000,2.000000000000,0.000000000000,0.000000000000,-0.421962121751,-0.451955508345,0.234227540927,0.329165961002,0.587239908196,-0.108421313097,0.731466936509,0.523598775598,-0.785398163397,1.047197551197,0.349065850399,-0.523598775598,0.785398163397,0.000000000000,0.000000000000,0.000000000000,0.000000000000,0.000000000000,0.000000000000,0.000000000000e+00,0.000000000000e+00,1
1,0.050000000000,0.000041666667,0.002500000000,0.100000000000,2.000000000000,0.000020833333,0.001250000000,-0.421941288417,-0.451955508345,0.234227540927,0.329160452597,0.587236481144,-0.108418631414,0.731472564094,0.523598775598,-0.785398163397,1.047197551197,0.349065850399,-0.523598775598,0.785398163397,0.000706668476,-0.001378331306,0.002675224247,-0.000434346248,-0.000030680218,-0.000575379585,2.083333333336e-05,1.799423653112e-05,1
2,0.100000000000,0.000333333333,0.010000000000,0.200000000000,2.000000000000,0.000166666667,0.005000000000,-0.421795455084,-0.451955508345,0.234227540927,0.329121893016,0.587212490445,-0.108399859381,0.731511955534,0.523669442446,-0.785535996528,1.047465073621,0.349022415774,-0.523601843620,0.785340625439,0.004264565402,-0.008305883657,0.016121003761,-0.002610257820,-0.000183662372,-0.003473646106,8.332944937172e-05,7.197810298247e-05,2
3,0.150000000000,0.001125000000,0.022500000000,0.300000000000,2.000000000000,0.000562500000,0.011250000000,-0.421399621751,-0.451955508345,0.234227540927,0.329017224716,0.587147361094,-0.108348904554,0.731618860530,0.524025232138,-0.786228751763,1.048809651573,0.348804824617,-0.523617141835,0.785050798787,0.010177198999,-0.019765627930,0.038363350673,-0.006178352942,-0.000431360017,-0.008296156082,5.988135667816e-05,5.173747972992e-05,4
4,0.200000000000,0.002666666667,0.040000000000,0.400000000000,2.000000000000,0.001333333333,0.020000000000,-0.420628788417,-0.451955508345,0.234227540927,0.328813369384,0.587020481014,-0.108249667648,0.731826982584,0.524687162346,-0.787512559321,1.051301408689,0.348404580480,-0.523644979622,0.784511009831,0.017186080319,-0.033202464006,0.064443135662,-0.010273891590,-0.000706627157,-0.014029951044,5.189732937235e-05,4.485153477989e-05,5
5,0.250000000000,0.005208333333,0.062500000000,0.500000000000,2.000000000000,0.002604166667,0.031250000000,-0.419357955084,-0.451955508345,0.234227540927,0.328477204020,0.586811158315,-0.108086034672,0.732169925649,0.525743840170,-0.789548998164,1.055253965139,0.347777435458,-0.523687804551,0.783647803682,0.026793141815,-0.051320561016,0.099609653817,-0.015615809755,-0.001046449921,-0.021924691032,8.261480476420e-05,7.142221539290e-05,5
6,0.300000000000,0.008958333333,0.087500000000,0.500000000000,0.000000000000,0.004479166667,0.043750000000,-0.417482955084,-0.451955508345,0.234227540927,0.327981041687,0.586501998793,-0.107844549530,0.732675504464,0.527366476527,-0.792644615423,1.061262374070,0.346842999504,-0.523749624614,0.782318540728,0.037574258966,-0.071123511304,0.138049310590,-0.021131605249,-0.001361117994,-0.030848226610,6.111361261743e-05,5.285896201228e-05,6
7,0.350000000000,0.013958333333,0.112500000000,0.500000000000,0.000000000000,0.006979166667,0.056250000000,-0.414982955084,-0.451955508345,0.234227540927,0.327319157442,0.586089187930,-0.107522459373,0.733348862202,0.529501266067,-0.796661349294,1.069058896198,0.345664274933,-0.523823916351,0.780562981021,0.048255460859,-0.089907984988,0.174519871403,-0.025843027726,-0.001566684529,-0.039793070868,7.993206188543e-05,6.916184512039e-05,6
8,0.400000000000,0.020208333333,0.137500000000,0.500000000000,0.000000000000,0.010104166667,0.068750000000,-0.411857955084,-0.451955508345,0.234227540927,0.326491265683,0.585572213688,-0.107119670470,0.734189357174,0.532192022613,-0.801635413921,1.078714361211,0.344258696732,-0.523906293067,0.778339233641,0.059868578165,-0.109352723128,0.212288507300,-0.030087118491,-0.001663813170,-0.049646531479,9.999932642380e-05,8.655967951753e-05,6
9,0.450000000000,0.027666666667,0.160000000000,0.400000000000,-2.000000000000,0.013833333333,0.080000000000,-0.408128788417,-0.451955508345,0.234227540927,0.325502536766,0.584953895423,-0.106638753780,0.735190597723,0.535488123883,-0.807596621607,1.090287746928,0.342655563084,-0.523990297668,0.775598327874,0.070260428500,-0.125404966442,0.243498372544,-0.032680135200,-0.001574816503,-0.058647395485,5.972372582000e-05,5.171748057644e-05,7
10,0.500000000000,0.036125000000,0.177500000000,0.300000000000,-2.000000000000,0.018062500000,0.088750000000,-0.403899621751,-0.451955508345,0.234227540927,0.324380219355,0.584250838295,-0.106093022010,0.736323775199,0.539218065463,-0.814175910566,1.103064198465,0.340990683212,-0.524063774717,0.772474494092,0.078389322262,-0.136297999381,0.264729207532,-0.033228156570,-0.001285546865,-0.065925424217,6.688698629407e-05,5.793164436221e-05,7
11,0.550000000000,0.045333333333,0.190000000000,0.200000000000,-2.000000000000,0.022666666667,0.095000000000,-0.399295455084,-0.451955508345,0.234227540927,0.323157156000,0.583483225380,-0.105498497925,0.737554638763,0.543327056110,-0.821226421545,1.116760667681,0.339332747427,-0.524118852354,0.769005785452,0.084966272437,-0.143604552790,0.279040087931,-0.032340708911,-0.000849256671,-0.072044491857,7.284383762641e-05,6.310022291271e-05,7
12,0.600000000000,0.055041666667,0.197500000000,0.100000000000,-2.000000000000,0.027520833333,0.098750000000,-0.394441288417,-0.451955508345,0.234227540927,0.321866298482,0.582671434038,-0.104871240350,0.738849178659,0.547714692707,-0.828536365845,1.130968207258,0.337756612321,-0.524148700384,0.765270044906,0.089480529194,-0.146789943592,0.285392399175,-0.030121517810,-0.000302816429,-0.076534721707,7.683768894292e-05,6.656356212138e-05,7
13,0.650000000000,0.065000000000,0.200000000000,0.000000000000,-2.000000000000,0.032500000000,0.100000000000,-0.389462121751,-0.451955508345,0.234227540927,0.320540730468,0.581836077864,-0.104227351422,0.740173680850,0.552275109029,-0.835905415904,1.145299907599,0.336320595646,-0.524149133997,0.761352313281,0.092013608898,-0.146395560886,0.284830410298,-0.026962678394,0.000299531300,-0.079412103563,7.885634104354e-05,6.831052459502e-05,7
14,0.700000000000,0.075000000000,0.200000000000,0.000000000000,0.000000000000,0.037500000000,0.100000000000,-0.384462121751,-0.451955508345,0.234227540927,0.319208124706,0.580994519249,-0.103580283442,0.741500280921,0.556916053597,-0.843175921933,1.159451248288,0.335060344481,-0.524118747254,0.757328834550,0.093431517421,-0.144121977432,0.280651570292,-0.023403843914,0.000916742295,-0.081377435343,7.922277397234e-05,6.862209781877e-05,7
15,0.750000000000,0.085000000000,0.200000000000,0.000000000000,0.000000000000,0.042500000000,0.100000000000,-0.379462121751,-0.451955508345,0.234227540927,0.317874030597,0.580150251676,-0.102932732505,0.742823423656,0.561618260771,-0.850317613648,1.173365064628,0.333980211254,-0.524057459768,0.753214569747,0.094662544825,-0.141566062415,0.275957615572,-0.019822135253,0.001534632365,-0.083213653629,7.923871691253e-05,6.862953642669e-05,7
16,0.800000000000,0.095000000000,0.200000000000,0.000000000000,0.000000000000,0.047500000000,0.100000000000,-0.374462121751,-0.451955508345,0.234227540927,0.316538454360,0.579303279080,-0.102284701633,0.744143102884,0.566382308079,-0.857332528175,1.187047009845,0.333078130956,-0.523965284018,0.749007469187,0.095908389540,-0.139053356312,0.271381657241,-0.016279860234,0.002152082158,-0.085094174857,7.924877884154e-05,6.863230264546e-05,7
17,0.850000000000,0.105000000000,0.200000000000,0.000000000000,0.000000000000,0.052500000000,0.100000000000,-0.369462121751,-0.451955508345,0.234227540927,0.315201402224,0.578453605411,-0.101636193845,0.745459312453,0.571209099725,-0.864222949279,1.200503230352,0.332352225231,-0.523842251552,0.744705152261,0.097172453053,-0.136584137376,0.266924530264,-0.012772692197,0.002768666973,-0.087022902120,7.925835688563e-05,6.863509786906e-05,7
18,0.900000000000,0.115000000000,0.200000000000,0.000000000000,0.000000000000,0.057500000000,0.100000000000,-0.364462121751,-0.451955508345,0.234227540927,0.313862880423,0.577601234631,-0.100987212165,0.746772046226,0.576099553385,-0.870990941912,1.213739462872,0.331800861736,-0.523688417320,0.740305178975,0.098454951101,-0.134154116874,0.262578241190,-0.009295878029,0.003383903097,-0.089000984879,7.926756291336e-05,6.863799326421e-05,7
19,0.950000000000,0.125000000000,0.200000000000,0.000000000000,0.000000000000,0.062500000000,0.100000000000,-0.359462121751,-0.451955508345,0.234227540927,0.312522895197,0.576746170713,-0.100337759621,0.748081298082,0.581054594835,-0.877638360966,1.226761054471,0.331422637428,-0.523503861242,0.735805053773,0.099756041048,-0.131759236480,0.258335302817,-0.005844990036,0.003997275893,-0.091029539063,7.927642380121e-05,6.864098881825e-05,7
20,1.000000000000,0.135000000000,0.200000000000,0.000000000000,0.000000000000,0.067500000000,0.100000000000,-0.354462121751,-0.451955508345,0.234227540927,0.311181452794,0.575888417645,-0.099687839239,0.749387061916,0.586075157489,-0.884166865560,1.239572993153,0.331216362733,-0.523288689731,0.731202225069,0.101075871326,-0.129395710559,0.254188811891,-0.002415902297,0.004608239576,-0.093109689728,7.928496273399e-05,6.864410716111e-05,7
21,1.050000000000,0.145000000000,0.200000000000,0.000000000000,0.000000000000,0.072500000000,0.100000000000,-0.349462121751,-0.451955508345,0.234227540927,0.309838559469,0.575027979426,-0.099037454050,0.750689331640,0.591162181968,-0.890577932022,1.252179935660,0.331181047199,-0.523043037285,0.726494084801,0.102414581509,-0.127060000647,0.250132394891,0.000995237208,0.005216215899,-0.095242569807,7.929320072696e-05,6.864733210321e-05,7
22,1.100000000000,0.155000000000,0.200000000000,0.000000000000,0.000000000000,0.077500000000,0.100000000000,-0.344462121751,-0.451955508345,0.234227540927,0.308494221483,0.574164860068,-0.098386607087,0.751988101183,0.596316615640,-0.896872865625,1.264586232642,0.331315886453,-0.522767068141,0.721677968088,0.103772301559,-0.124748792213,0.246160158543,0.004392030825,0.005820592775,-0.097429317898,7.930115687077e-05,6.865068627042e-05,7
23,1.150000000000,0.165000000000,0.200000000000,0.000000000000,0.000000000000,0.082500000000,0.100000000000,-0.339462121751,-0.451955508345,0.234227540927,0.307148445105,0.573299063595,-0.097735301384,0.753283364487,0.601539412124,-0.903052811243,1.276795951514,0.331620250281,-0.522460978007,0.716751153011,0.105149151023,-0.122458974327,0.242266646191,0.007777852227,0.006420722883,-0.099671075767,7.930884852914e-05,6.865415347255e-05,7
24,1.200000000000,0.175000000000,0.200000000000,0.000000000000,0.000000000000,0.087500000000,0.100000000000,-0.334462121751,-0.451955508345,0.234227540927,0.305801236610,0.572430594045,-0.097083539978,0.754575115515,0.606831530742,-0.909118763058,1.288812897261,0.332093671676,-0.522124995853,0.711710860512,0.106545238192,-0.120187621870,0.238446799273,0.011155864560,0.007015922249,-0.101968985556,7.931629150947e-05,6.865775309696e-05,7
25,1.250000000000,0.185000000000,0.200000000000,0.000000000000,0.000000000000,0.092500000000,0.100000000000,-0.329462121751,-0.451955508345,0.234227540927,0.304452602278,0.571559455466,-0.096431325908,0.755863348243,0.612193935943,-0.915071573430,1.300640631442,0.332735836737,-0.521759385782,0.706554254455,0.107960659221,-0.117931979990,0.234695923246,0.014529036083,0.007605468815,-0.104324186661,7.932350021400e-05,6.866148512283e-05,7
26,1.300000000000,0.195000000000,0.200000000000,0.000000000000,0.000000000000,0.097500000000,0.100000000000,-0.324462121751,-0.451955508345,0.234227540927,0.303102548399,0.570685651920,-0.095778662216,0.757148056665,0.617627596665,-0.920911961057,1.312282489586,0.333546575284,-0.521364448971,0.701278441846,0.109395497212,-0.115689450523,0.231009657379,0.017900153572,0.008188601002,-0.106737812276,7.933048777199e-05,6.866535599599e-05,7
27,1.350000000000,0.205000000000,0.200000000000,0.000000000000,0.000000000000,0.102500000000,0.100000000000,-0.319462121751,-0.451955508345,0.234227540927,0.301751081266,0.569809187482,-0.095125551943,0.758429234790,0.623133485664,-0.926640518483,1.323741597180,0.334525852094,-0.520940525682,0.695880473228,0.110849821257,-0.113457580166,0.227383947938,0.021271833715,0.008764516261,-0.109210985553,7.933726615535e-05,6.866936892652e-05,7
28,1.400000000000,0.215000000000,0.200000000000,0.000000000000,0.000000000000,0.107500000000,0.100000000000,-0.314462121751,-0.451955508345,0.234227540927,0.300398207181,0.568930066237,-0.094471998136,0.759706876645,0.628712578790,-0.932257719073,1.335020884380,0.335673758656,-0.520487997345,0.690357343290,0.112323685436,-0.111234050208,0.223815024335,0.024646532710,0.009332369639,-0.111744815363,7.934384628178e-05,6.867353358951e-05,7
29,1.450000000000,0.225000000000,0.200000000000,0.000000000000,0.000000000000,0.112500000000,0.100000000000,-0.309462121751,-0.451955508345,0.234227540927,0.299043932453,0.568048292286,-0.093818003841,0.760980976273,0.634365854208,-0.937763923503,1.346123099613,0.336990505365,-0.520007288718,0.684705991691,0.113817127790,-0.109016667650,0.220299377896,0.028026554230,0.009891272341,-0.114340391625,7.935023810373e-05,6.867784672422e-05,7
30,1.500000000000,0.235000000000,0.200000000000,0.000000000000,0.000000000000,0.117500000000,0.100000000000,-0.304462121751,-0.451955508345,0.234227540927,0.297688263395,0.567163869740,-0.093163572108,0.762251527732,0.640094291569,-0.943159385838,1.357050822169,0.338476414079,-0.519498870111,0.678923304128,0.115330169233,-0.106803357585,0.216833742925,0.031414055885,0.010440290333,-0.116998780174,7.935645068921e-05,6.868232446730e-05,7
31,1.550000000000,0.245000000000,0.200000000000,0.000000000000,0.000000000000,0.122500000000,0.100000000000,-0.299462121751,-0.451955508345,0.234227540927,0.296331206329,0.566276802722,-0.092508705989,0.763518525100,0.645898871131,-0.948444259262,1.367806473905,0.340131910954,-0.518963259685,0.673006113674,0.116862812447,-0.104592156710,0.213415079791,0.034811054317,0.010978442954,-0.119721017130,7.936249229208e-05,6.868696032115e-05,7
32,1.600000000000,0.255000000000,0.200000000000,0.000000000000,0.000000000000,0.127500000000,0.100000000000,-0.294462121751,-0.451955508345,0.234227540927,0.294972767582,0.565387095368,-0.091853408536,0.764781962468,0.651780572814,-0.953618601509,1.378392330148,0.341957519511,-0.518401025816,0.666951202415,0.118415040719,-0.102381207867,0.210040559814,0.038219429017,0.011504701584,-0.122508102743,7.936837041393e-05,6.869176071871e-05,7
33,1.650000000000,0.265000000000,0.200000000000,0.000000000000,0.000000000000,0.132500000000,0.100000000000,-0.289462121751,-0.451955508345,0.234227540927,0.293612953488,0.564494751827,-0.091197682805,0.766041833945,0.657740375203,-0.958682380049,1.388810529887,0.343953853855,-0.517812789526,0.660755303400,0.119986816751,-0.100168755535,0.206707551738,0.041640924955,0.012017988363,-0.125360994679,7.937409186053e-05,6.869674178671e-05,7
34,1.700000000000,0.275000000000,0.200000000000,0.000000000000,0.000000000000,0.137500000000,0.100000000000,-0.284462121751,-0.451955508345,0.234227540927,0.292251770388,0.563599776259,-0.090541531854,0.767298133658,0.663779254489,-0.963635477063,1.399063085322,0.346121612006,-0.517199226979,0.654415102947,0.121578081427,-0.097953142184,0.203413609592,0.045077154103,0.012517174973,-0.128280600708,7.937966278917e-05,6.870189378984e-05,7
35,1.750000000000,0.285000000000,0.200000000000,0.000000000000,0.000000000000,0.142500000000,0.100000000000,-0.279462121751,-0.451955508345,0.234227540927,0.290889224627,0.562702172838,-0.089884958742,0.768550855748,0.669898183346,-0.968477694267,1.409151890846,0.348461569266,-0.516561072029,0.647927243329,0.123188752547,-0.095732805430,0.200156461806,0.048529595891,0.013001081508,-0.131267770768,7.938508875297e-05,6.870725547066e-05,7
36,1.800000000000,0.295000000000,0.200000000000,0.000000000000,0.000000000000,0.147500000000,0.100000000000,-0.274462121751,-0.451955508345,0.234227540927,0.289525322559,0.561801945748,-0.089227966530,0.769799994375,0.676098129744,-0.973208757606,1.419078731503,0.350974571595,-0.515899118829,0.641288325870,0.124818723524,-0.093506275933,0.196934001411,0.051999596676,0.013468475445,-0.134323288364,7.939037473845e-05,6.871279446520e-05,7
37,1.850000000000,0.305000000000,0.200000000000,0.000000000000,0.000000000000,0.152500000000,0.100000000000,-0.269462121751,-0.451955508345,0.234227540927,0.288160070544,0.560899099187,-0.088570558282,0.771045543714,0.682380055698,-0.977828321860,1.428845290987,0.353661528933,-0.515214224485,0.634494914492,0.126467862047,-0.091272175988,0.193744277208,0.055488368257,0.013918070730,-0.137447861278,7.939552519914e-05,6.871853981155e-05,7
38,1.900000000000,0.315000000000,0.200000000000,0.000000000000,0.000000000000,0.157500000000,0.100000000000,-0.264462121751,-0.451955508345,0.234227540927,0.286793474947,0.559993637365,-0.087912737062,0.772287497958,0.688744915948,-0.982335975204,1.438453159224,0.356523408421,-0.514507311756,0.627543539742,0.128136008715,-0.089029218755,0.190585485776,0.058996985471,0.014348527007,-0.140642111553,7.940054408475e-05,6.872449145797e-05,7
39,1.950000000000,0.325000000000,0.200000000000,0.000000000000,0.000000000000,0.162500000000,0.100000000000,-0.259462121751,-0.451955508345,0.234227540927,0.285425542139,0.559085564502,-0.087254505938,0.773525851315,0.695193656570,-0.986731243736,1.447903839565,0.359561227481,-0.513779371784,0.620430703337,0.129822975638,-0.086776208101,0.187455964226,0.062526382924,0.014758449003,-0.143906564719,7.940543486797e-05,6.873064935087e-05,7
40,2.000000000000,0.335000000000,0.200000000000,0.000000000000,0.000000000000,0.167500000000,0.100000000000,-0.254462121751,-0.451955508345,0.234227540927,0.284056278500,0.558174884835,-0.086595867980,0.774760598013,0.701727213512,-0.991013596015,1.457198755646,0.362776046713,-0.513031466855,0.613152883270,0.131528545021,-0.084512038997,0.184354183584,0.066077350876,0.015146386104,-0.147241638244,7.941020056498e-05,6.873703281690e-05,7
41,2.050000000000,0.345000000000,0.200000000000,0.000000000000,0.000000000000,0.172500000000,0.100000000000,-0.249462121751,-0.451955508345,0.234227540927,0.282685690413,0.557261602608,-0.085936826257,0.775991732293,0.708346511072,-0.995182447636,1.466339257923,0.366168962568,-0.512264733174,0.605706539513,0.133252467713,-0.082235698458,0.181278742728,0.069650530323,0.015510832140,-0.150647629181,7.941484375619e-05,6.874364825330e-05,7
42,2.100000000000,0.355000000000,0.200000000000,0.000000000000,0.000000000000,0.177500000000,0.100000000000,-0.244462121751,-0.451955508345,0.234227540927,0.281313784269,0.556345722079,-0.085277383844,0.777219248417,0.715052460284,-0.999237165860,1.475326629919,0.369741099746,-0.511480383641,0.598088120352,0.134994461750,-0.079946266965,0.178228362773,0.073246407303,0.015850225405,-0.154124700990,7.941936660104e-05,6.875050205255e-05,7
43,2.150000000000,0.365000000000,0.200000000000,0.000000000000,0.000000000000,0.182500000000,0.100000000000,-0.239462121751,-0.451955508345,0.234227540927,0.279940566465,0.555427247520,-0.084617543814,0.778443140659,0.721845957247,-1.003177074332,1.484162094201,0.373493603298,-0.510679710633,0.590294069414,0.136754210871,-0.077642920357,0.175201881842,0.076865306472,0.016162948951,-0.157672869530,7.942377085309e-05,6.875757799645e-05,7
44,2.200000000000,0.375000000000,0.200000000000,0.000000000000,0.000000000000,0.187500000000,0.100000000000,-0.234462121751,-0.451955508345,0.234227540927,0.278566043403,0.554506183213,-0.083957309244,0.779663403313,0.728727881371,-1.007001457896,1.492846818103,0.377427630393,-0.509864088746,0.582320833399,0.138531363038,-0.075324932146,0.172198250128,0.080507383970,0.016447331177,-0.161291988209,7.942805786976e-05,6.876491153585e-05,7
45,2.250000000000,0.385000000000,0.200000000000,0.000000000000,0.000000000000,0.192500000000,0.100000000000,-0.229462121751,-0.451955508345,0.234227540927,0.277190221493,0.553582533452,-0.083296683213,0.780880030691,0.735699093550,-1.010709567547,1.501381919213,0.381544341695,-0.509034977515,0.574164870593,0.140325528935,-0.072991676226,0.169216525178,0.084172619645,0.016701646757,-0.164981732301,7.943222862184e-05,6.877251227441e-05,7
46,2.300000000000,0.395000000000,0.200000000000,0.000000000000,0.000000000000,0.197500000000,0.100000000000,-0.224462121751,-0.451955508345,0.234227540927,0.275813107149,0.552656302543,-0.082635668801,0.782093017119,0.742760434264,-1.014300625519,1.509768470621,0.385844892357,-0.508193924070,0.565822660169,0.142136280484,-0.070642629934,0.166255867321,0.087860808654,0.016924117931,-0.168741582430,7.943628370033e-05,6.878037043861e-05,7
47,2.350000000000,0.405000000000,0.200000000000,0.000000000000,0.000000000000,0.202500000000,0.100000000000,-0.219462121751,-0.451955508345,0.234227540927,0.274434706792,0.551727494807,-0.081974269090,0.783302356941,0.749912721599,-1.017773830540,1.518007505946,0.390330422561,-0.507342565722,0.557290712350,0.143963149360,-0.068277377432,0.163315535176,0.091571552525,0.017112916203,-0.172570807266,7.944022332023e-05,6.878850207987e-05,7
48,2.400000000000,0.415000000000,0.200000000000,0.000000000000,0.000000000000,0.207500000000,0.100000000000,-0.214462121751,-0.451955508345,0.234227540927,0.273055026849,0.550796114573,-0.081312487164,0.784508044519,0.757156749200,-1.021128363262,1.526100024139,0.395002047610,-0.506482632450,0.548565579443,0.145805625515,-0.065895613349,0.160394881161,0.095304249719,0.017266164489,-0.176468445445,7.944404732360e-05,6.879691032877e-05,7
49,2.450000000000,0.425000000000,0.200000000000,0.000000000000,0.000000000000,0.212500000000,0.100000000000,-0.209462121751,-0.451955508345,0.234227540927,0.271674073754,0.549862166183,-0.080650326108,0.785710074232,0.764493284150,-1.024363391875,1.534046994062,0.399860847533,-0.505615949273,0.539643867805,0.147663155742,-0.063497146661,0.157493346929,0.099058085786,0.017381939740,-0.180433286786,7.944775518131e-05,6.880561767381e-05,7
50,2.500000000000,0.435000000000,0.200000000000,0.000000000000,0.000000000000,0.217500000000,0.100000000000,-0.204462121751,-0.451955508345,0.234227540927,0.270291853944,0.548925653994,-0.079987789010,0.786908440474,0.771923064774,-1.027478077928,1.541849358832,0.404907856188,-0.504744438476,0.530522250764,0.149535142244,-0.061081904732,0.154610458683,0.102832023176,0.017458276094,-0.184463852865,7.945134599100e-05,6.881462400144e-05,7
51,2.550000000000,0.445000000000,0.200000000000,0.000000000000,0.000000000000,0.222500000000,0.100000000000,-0.199462121751,-0.451955508345,0.234227540927,0.268908373865,0.547986582370,-0.079324878959,0.788103137657,0.779446798375,-1.030471582348,1.549508039930,0.410144049850,-0.503870121664,0.521197482519,0.151420941267,-0.058649937475,0.151745822271,0.106624790837,0.017493168593,-0.188558377031,7.945481847623e-05,6.882393242057e-05,7
52,2.600000000000,0.455000000000,0.200000000000,0.000000000000,0.000000000000,0.227500000000,0.100000000000,-0.194462121751,-0.451955508345,0.234227540927,0.267523639968,0.547044955691,-0.078661599046,0.789294160213,0.787065158901,-1.033343071675,1.557023941059,0.415570335272,-0.502995121617,0.511666413061,0.153319861758,-0.056201421563,0.148899118019,0.110434873666,0.017484577504,-0.192714783985,7.945817098228e-05,6.883355248610e-05,7
53,2.650000000000,0.465000000000,0.200000000000,0.000000000000,0.000000000000,0.232500000000,0.100000000000,-0.189462121751,-0.451955508345,0.234227540927,0.266137658709,0.546100778348,-0.077997952363,0.790481502587,0.794778784551,-1.036091724504,1.564397951732,0.421187537217,-0.502121663913,0.501926004120,0.155231164098,-0.053736664616,0.146070095232,0.114260501987,0.017430433290,-0.196930669046,7.946140147208e-05,6.884349374343e-05,7
54,2.700000000000,0.475000000000,0.200000000000,0.000000000000,0.000000000000,0.237500000000,0.100000000000,-0.184462121751,-0.451955508345,0.234227540927,0.264750436550,0.545154054742,-0.077333942006,0.791665159243,0.802588275311,-1.038716738137,1.571630950582,0.426996385471,-0.501252078288,0.491973346156,0.157154058893,-0.051256109306,0.143258566291,0.118099641156,0.017328642264,-0.201203277268,7.946450752032e-05,6.885377540269e-05,7
55,2.750000000000,0.485000000000,0.200000000000,0.000000000000,0.000000000000,0.242500000000,0.100000000000,-0.179462121751,-0.451955508345,0.234227540927,0.263361979959,0.544204789288,-0.076669571069,0.792845124662,0.810494190440,-1.041217335435,1.578723808361,0.432997501333,-0.500388799687,0.481805676394,0.159087705848,-0.048760337260,0.140464400296,0.121949981484,0.017177092968,-0.205529482588,7.946748630766e-05,6.886438441390e-05,7
56,2.800000000000,0.495000000000,0.200000000000,0.000000000000,0.000000000000,0.247500000000,0.100000000000,-0.174462121751,-0.451955508345,0.234227540927,0.261972295410,0.543252986411,-0.076004842651,0.794021393343,0.818497045895,-1.043592771863,1.585677390611,0.439191383619,-0.499534368991,0.471420397897,0.161031212728,-0.046250072716,0.137687516198,0.125808928633,0.016973663312,-0.209905767236,7.947033461447e-05,6.887535931215e-05,7
57,2.850000000000,0.505000000000,0.200000000000,0.000000000000,0.000000000000,0.252500000000,0.100000000000,-0.169462121751,-0.451955508345,0.234227540927,0.260581389384,0.542298650551,-0.075339759851,0.795193959801,0.826597311713,-1.045842342707,1.592492559981,0.445578394196,-0.498691433356,0.460815099670,0.162983634427,-0.043726185788,0.134927875365,0.129673594702,0.016716228501,-0.214328201629,7.947304881346e-05,6.888668702922e-05,7
58,2.900000000000,0.515000000000,0.200000000000,0.000000000000,0.000000000000,0.257500000000,0.100000000000,-0.164462121751,-0.451955508345,0.234227540927,0.259189268364,0.541341786155,-0.074674325770,0.796362818568,0.834795409338,-1.047965390442,1.599170178148,0.452158743089,-0.497862746141,0.449987577735,0.164943972144,-0.041189695271,0.132185473553,0.133540790191,0.016402669778,-0.218792425060,7.947562486425e-05,6.889838028224e-05,7
59,2.950000000000,0.525000000000,0.200000000000,0.000000000000,0.000000000000,0.262500000000,0.100000000000,-0.159462121751,-0.451955508345,0.234227540927,0.257795938842,0.540382397687,-0.074008543511,0.797527964195,0.843091708927,-1.049961312234,1.605711107336,0.458932473215,-0.497051166378,0.438935857164,0.166911172696,-0.038641770852,0.129460332225,0.137407017091,0.016030884003,-0.223293627456,7.947805830697e-05,6.891044210735e-05,7
60,3.000000000000,0.535000000000,0.200000000000,0.000000000000,0.000000000000,0.267500000000,0.100000000000,-0.154462121751,-0.451955508345,0.234227540927,0.256401407315,0.539420489619,-0.073342416178,0.798689391250,0.851486526608,-1.051829567527,1.612116211370,0.465899444798,-0.496259657741,0.427658214989,0.168884127963,-0.036083734614,0.126752489218,0.141268463350,0.015598794085,-0.227826532584,7.948034425838e-05,6.892289486250e-05,7
61,3.050000000000,0.545000000000,0.200000000000,0.000000000000,0.000000000000,0.272500000000,0.100000000000,-0.149462121751,-0.451955508345,0.234227540927,0.255005680284,0.538456066436,-0.072675946877,0.799847094316,0.859980121723,-1.053569685695,1.618386356258,0.473059319550,-0.495491286970,0.416153203906,0.170861674489,-0.033517061718,0.124061988727,0.145120998961,0.015104360264,-0.232385383057,7.948247740925e-05,6.893574155689e-05,7
62,3.100000000000,0.555000000000,0.200000000000,0.000000000000,0.000000000000,0.277500000000,0.100000000000,-0.144462121751,-0.451955508345,0.234227540927,0.253608764258,0.537489132635,-0.072009138715,0.801001067997,0.868572694057,-1.055181273699,1.624522410243,0.480411544694,-0.494749221714,0.404419676683,0.172842593254,-0.030943380133,0.121388870622,0.148960173956,0.014545592241,-0.236963927550,7.948445202320e-05,6.894899163156e-05,7
63,3.150000000000,0.565000000000,0.200000000000,0.000000000000,0.000000000000,0.282500000000,0.100000000000,-0.139462121751,-0.451955508345,0.234227540927,0.252210665750,0.536519692725,-0.071341994801,0.802151306911,0.877264381049,-1.056664023708,1.630525243320,0.487955336946,-0.494036727745,0.392456811151,0.174825609624,-0.028364469278,0.118733159102,0.152781218592,0.013920562148,-0.241555410668,7.948626194013e-05,6.896263841445e-05,7
64,3.200000000000,0.575000000000,0.200000000000,0.000000000000,0.000000000000,0.287500000000,0.100000000000,-0.134462121751,-0.451955508345,0.234227540927,0.250811391278,0.535547751225,-0.070674518247,0.803297805695,0.886055255019,-1.058017720627,1.636395726153,0.495689666554,-0.493357165499,0.380264135616,0.176809393494,-0.025782257472,0.116094850736,0.156579046018,0.013227418309,-0.246152565907,7.948790058192e-05,6.897669776571e-05,7
65,3.250000000000,0.585000000000,0.200000000000,0.000000000000,0.000000000000,0.292500000000,0.100000000000,-0.129462121751,-0.451955508345,0.234227540927,0.249410947367,0.534573312667,-0.070006712164,0.804440559003,0.894945320398,-1.059242249456,1.642134728393,0.503613241547,-0.492713985915,0.367841554560,0.178792559640,-0.023198818045,0.113473901945,0.160348257699,0.012464399768,-0.250747612192,7.948936096329e-05,6.899117265159e-05,7
66,3.300000000000,0.595000000000,0.200000000000,0.000000000000,0.000000000000,0.297500000000,0.100000000000,-0.124462121751,-0.451955508345,0.234227540927,0.248009340547,0.533596381596,-0.069338579666,0.805579561508,0.903934510983,-1.060337602431,1.647743116348,0.511724492324,-0.492110725523,0.355189374397,0.180773668292,-0.020616364015,0.110870215998,0.164083151904,0.011629851512,-0.255332254472,7.949063570697e-05,6.900607889934e-05,7
67,3.350000000000,0.605000000000,0.200000000000,0.000000000000,0.000000000000,0.302500000000,0.100000000000,-0.119462121751,-0.451955508345,0.234227540927,0.246606577352,0.532616962565,-0.068670123869,0.806714807899,0.913022687227,-1.061303885857,1.653221749993,0.520021556738,-0.491551000763,0.342308329113,0.182751225936,-0.018037241210,0.108283629636,0.167777735512,0.010722240316,-0.259897688858,7.949171706635e-05,6.902140979543e-05,7
68,3.400000000000,0.615000000000,0.200000000000,0.000000000000,0.000000000000,0.307500000000,0.100000000000,-0.114462121751,-0.451955508345,0.234227540927,0.245202664324,0.531635060141,-0.068001347888,0.807846292882,0.922209633577,-1.062141326552,1.658571479311,0.528502265875,-0.491038501491,0.329199605511,0.184723686367,-0.015463919751,0.105713899446,0.171425739392,0.009740171115,-0.264434612781,7.949259695328e-05,6.903716827326e-05,7
69,3.450000000000,0.625000000000,0.200000000000,0.000000000000,0.000000000000,0.312500000000,0.100000000000,-0.109462121751,-0.451955508345,0.234227540927,0.243797608008,0.530650678903,-0.067332254843,0.808974011181,0.931495055864,-1.062850277832,1.663793139938,0.537164130677,-0.490576983652,0.315864867834,0.186689451987,-0.012898983819,0.103160688152,0.175020637600,0.008682403790,-0.268933240638,7.949326697395e-05,6.905335404008e-05,7
70,3.500000000000,0.635000000000,0.200000000000,0.000000000000,0.000000000000,0.317500000000,0.100000000000,-0.104462121751,-0.451955508345,0.234227540927,0.242391414955,0.529663823441,-0.066662847852,0.810097957540,0.940878578775,-1.063431224934,1.668887548127,0.546004329635,-0.490170261112,0.302306281448,0.188646875383,-0.010345119649,0.100623550990,0.178555670550,0.007547870231,-0.273383325345,7.949371847406e-05,6.906998608418e-05,7
71,3.550000000000,0.645000000000,0.200000000000,0.000000000000,0.000000000000,0.322500000000,0.100000000000,-0.099462121751,-0.451955508345,0.234227540927,0.240984091723,0.528674498356,-0.065993130038,0.811218126716,0.950359743402,-1.063884789797,1.673855495037,0.555019697732,-0.489822196629,0.288526535300,0.190594261165,-0.007805101731,0.098101922394,0.182023872334,0.006335691531,-0.277774186190,7.949394259091e-05,6.908703194342e-05,7
72,3.600000000000,0.655000000000,0.200000000000,0.000000000000,0.000000000000,0.327500000000,0.100000000000,-0.094462121751,-0.451955508345,0.234227540927,0.239575644872,0.527682708260,-0.065323104523,0.812334513487,0.959938004892,-1.064211735107,1.678697740366,0.564206716868,-0.489536691959,0.274528862829,0.192529868097,-0.005281777214,0.095595103208,0.185418102254,0.005045195133,-0.282094743291,7.949393031683e-05,6.910450737742e-05,7
73,3.650000000000,0.665000000000,0.200000000000,0.000000000000,0.000000000000,0.332500000000,0.100000000000,-0.089462121751,-0.451955508345,0.234227540927,0.238166080970,0.526688457779,-0.064652774431,0.813447112648,0.969612730212,-1.064412967519,1.683415005358,0.573561507958,-0.489317677115,0.260317060971,0.194451911507,-0.002778048549,0.093102248698,0.188731080609,0.003675931738,-0.286333558928,7.949367257128e-05,6.912239599868e-05,7
74,3.700000000000,0.675000000000,0.200000000000,0.000000000000,0.000000000000,0.337500000000,0.100000000000,-0.084462121751,-0.451955508345,0.234227540927,0.236755406590,0.525691751547,-0.063982142887,0.814555919012,0.979383196043,-1.064489539962,1.688007965236,0.583079824929,-0.489169098785,0.245895506936,0.196358566001,-0.000296854451,0.090622357618,0.191955428661,0.002227691773,-0.290478885871,7.949316028319e-05,6.914068785202e-05,7
75,3.750000000000,0.685000000000,0.200000000000,0.000000000000,0.000000000000,0.342500000000,0.100000000000,-0.079462121751,-0.451955508345,0.234227540927,0.235343628308,0.524692594213,-0.063311213019,0.815660927407,0.989248586812,-1.064442652964,1.692477241120,0.592757050824,-0.489094907938,0.231269172384,0.198247968461,0.002158850715,0.088154262637,0.195083712669,0.000700521190,-0.294518722765,7.949238448330e-05,6.915938261749e-05,7
76,3.800000000000,0.695000000000,0.200000000000,0.000000000000,0.000000000000,0.347500000000,0.100000000000,-0.074462121751,-0.451955508345,0.234227540927,0.233930752707,0.523690990434,-0.062639987954,0.816762132683,0.999207992889,-1.064273654891,1.696823391499,0.602588196196,-0.489099046666,0.216443634659,0.200118221350,0.004586118959,0.085696622401,0.198108491751,-0.000905263641,-0.298440876485,7.949133640645e-05,6.917845429055e-05,7
77,3.850000000000,0.705000000000,0.200000000000,0.000000000000,0.000000000000,0.352500000000,0.100000000000,-0.069462121751,-0.451955508345,0.234227540927,0.232516786375,0.522686944882,-0.061968470823,0.817859529704,1.009260408947,-1.063984041068,1.701046903360,0.612567899999,-0.489185434302,0.201425084735,0.201967396301,0.006982031910,0.083247915539,0.201022369261,-0.002589062184,-0.302233031225,7.949000760245e-05,6.919788651540e-05,7
78,3.900000000000,0.715000000000,0.200000000000,0.000000000000,0.000000000000,0.357500000000,0.100000000000,-0.064462121751,-0.451955508345,0.234227540927,0.231101735905,0.521680462237,-0.061296664755,0.818953113354,1.019404732519,-1.063575451700,1.705148183053,0.622690433122,-0.489357952885,0.186220331537,0.203793538010,0.009343725032,0.080806436892,0.203818047260,-0.004349977392,-0.305882823963,7.948839005413e-05,6.921764370126e-05,7
79,3.950000000000,0.725000000000,0.200000000000,0.000000000000,0.000000000000,0.362500000000,0.100000000000,-0.059462121751,-0.451955508345,0.234227540927,0.229685607894,0.520671547192,-0.060624572885,0.820042878534,1.029639762748,-1.063049668565,1.709127547049,0.632949704725,-0.489620432041,0.170836802339,0.205594668400,0.011668412531,0.078370296236,0.206488383576,-0.006186805008,-0.309377925772,7.948647630524e-05,6.923772236296e-05,7
80,4.000000000000,0.735000000000,0.200000000000,0.000000000000,0.000000000000,0.367500000000,0.100000000000,-0.054462121751,-0.451955508345,0.234227540927,0.228268408946,0.519660204451,-0.059952198345,0.821128820162,1.039964199359,-1.062408610447,1.712985212677,0.643339271480,-0.489976633385,0.155282538960,0.207368791079,0.013953412627,0.075937419738,0.209026450819,-0.008098024775,-0.312706128262,7.948425958876e-05,6.925806771813e-05,7
81,4.050000000000,0.745000000000,0.200000000000,0.000000000000,0.000000000000,0.372500000000,0.100000000000,-0.049462121751,-0.451955508345,0.234227540927,0.226850145669,0.518646438731,-0.059279544270,0.822210933175,1.050376641856,-1.061654327302,1.716721289023,0.653852349807,-0.490430234519,0.139566189513,0.209113896044,0.016196172842,0.073505554358,0.211425596665,-0.010081793767,-0.315855434330,7.948173396316e-05,6.927864748087e-05,7
82,4.100000000000,0.755000000000,0.200000000000,0.000000000000,0.000000000000,0.377500000000,0.100000000000,-0.044462121751,-0.451955508345,0.234227540927,0.225430824674,0.517630254757,-0.058606613798,0.823289212529,1.060875588963,-1.060788993162,1.720335768113,0.664481831146,-0.490984812762,0.123696995527,0.210827964656,0.018394294902,0.071072275335,0.213679504623,-0.012135942089,-0.318814152176,7.947889444601e-05,6.929942619689e-05,7
83,4.150000000000,0.765000000000,0.200000000000,0.000000000000,0.000000000000,0.382500000000,0.100000000000,-0.039462121751,-0.451955508345,0.234227540927,0.224010452580,0.516611657269,-0.057933410064,0.824363653194,1.071459438321,-1.059814897812,1.723828516556,0.675220300269,-0.491643828728,0.107684774295,0.212508974834,0.020545558874,0.068634996884,0.215782254416,-0.014257971130,-0.321570991437,7.947573714795e-05,6.932034923346e-05,7
84,4.200000000000,0.775000000000,0.200000000000,0.000000000000,0.000000000000,0.387500000000,0.100000000000,-0.034462121751,-0.451955508345,0.234227540927,0.222589036010,0.515590651014,-0.057259936209,0.825434250162,1.082126486447,-1.058734437275,1.727199267801,0.686060056588,-0.492410609875,0.091539896383,0.214154906478,0.022647946108,0.066190986122,0.217728381074,-0.016445054542,-0.324115160151,7.947225940112e-05,6.934137803364e-05,7
85,4.250000000000,0.785000000000,0.200000000000,0.000000000000,0.000000000000,0.392500000000,0.100000000000,-0.029462121751,-0.451955508345,0.234227540927,0.221166581591,0.514567240754,-0.056586195373,0.826500998441,1.092874928969,-1.057550103201,1.730447615168,0.696993138376,-0.493288334182,0.075273258280,0.215763747079,0.024699660561,0.063737380182,0.219512931805,-0.018694042092,-0.326436461147,7.946845988007e-05,6.936243887313e-05,7
86,4.300000000000,0.795000000000,0.200000000000,0.000000000000,0.000000000000,0.397500000000,0.100000000000,-0.024462121751,-0.451955508345,0.234227540927,0.219743095955,0.513541431261,-0.055912190696,0.827563893056,1.103702861155,-1.056264471219,1.733573005819,0.708011349768,-0.494280014084,0.058896250268,0.217333497501,0.026699148125,0.061271206421,0.221131519661,-0.021001466475,-0.328525386378,7.946433871350e-05,6.938348051875e-05,7
87,4.350000000000,0.805000000000,0.200000000000,0.000000000000,0.000000000000,0.402500000000,0.100000000000,-0.019462121751,-0.451955508345,0.234227540927,0.218318585740,0.512513227318,-0.055237925322,0.828622929052,1.114608278719,-1.054880188388,1.736574735810,0.719106290342,-0.495388480829,0.042420719642,0.218862177906,0.028645113545,0.058789405511,0.222580373078,-0.023363553147,-0.330373207680,7.945989758079e-05,6.940443580301e-05,7
88,4.400000000000,0.815000000000,0.200000000000,0.000000000000,0.000000000000,0.407500000000,0.100000000000,-0.014462121751,-0.451955508345,0.234227540927,0.216893057587,0.511482633718,-0.054563402394,0.829678101492,1.125589078945,-1.053399959864,1.739451946370,0.730269387076,-0.496616369399,0.025858929500,0.220347833797,0.030536534605,0.056288857139,0.223856380362,-0.025776233198,-0.331972062407,7.945513979339e-05,6.942522164762e-05,7
89,4.450000000000,0.825000000000,0.200000000000,0.000000000000,0.000000000000,0.412500000000,0.100000000000,-0.009462121751,-0.451955508345,0.234227540927,0.215466518144,0.510449655267,-0.053888625057,0.830729405454,1.136643062099,-1.051826534928,1.742203621524,0.741491928379,-0.497966104149,0.009223513402,0.221788542138,0.032372673266,0.053766407968,0.224957128275,-0.028235159196,-0.333315032436,7.945007035740e-05,6.944577105977e-05,7
90,4.500000000000,0.835000000000,0.200000000000,0.000000000000,0.000000000000,0.417500000000,0.100000000000,-0.004462121751,-0.451955508345,0.234227540927,0.214038974061,0.509414296781,-0.053213596458,0.831776836038,1.147767933159,-1.050162692538,1.744828587167,0.752765099903,-0.499439885319,-0.007472573743,0.223182417526,0.034153083507,0.051218901439,0.225880933952,-0.030735723937,-0.334396215097,7.944469601365e-05,6.946601392743e-05,7
91,4.550000000000,0.845000000000,0.200000000000,0.000000000000,0.000000000000,0.422500000000,0.100000000000,0.000537878249,-0.451955508345,0.234227540927,0.212610431996,0.508376563088,-0.052538319744,0.832820388360,1.158961303852,-1.048411226577,1.747325511668,0.764080021774,-0.501039676543,-0.024216108108,0.224527618379,0.035877615696,0.048643208912,0.226626869501,-0.033273081933,-0.335210784695,7.943902525735e-05,6.948584506585e-05,7
92,4.600000000000,0.855000000000,0.200000000000,0.000000000000,0.000000000000,0.427500000000,0.100000000000,0.005537878249,-0.451955508345,0.234227540927,0.211180898607,0.507336459027,-0.051862798064,0.833860057553,1.170220694997,-1.046574930968,1.749692908058,0.775427786853,-0.502767193512,-0.040993652213,0.225822353105,0.037546417370,0.046036261618,0.227194778749,-0.035842173455,-0.335755043441,7.943306833045e-05,6.950520412918e-05,7
93,4.650000000000,0.865000000000,0.200000000000,0.000000000000,0.000000000000,0.432500000000,0.100000000000,0.010537878249,-0.451955508345,0.234227540927,0.209750380562,0.506293989446,-0.051187034567,0.834895838771,1.181543539162,-1.044656584840,1.751929137830,0.786799499649,-0.504623893888,-0.057791612452,0.227064886200,0.039159930394,0.043395082838,0.227585285761,-0.038437750878,-0.336026460791,7.942683719208e-05,6.952398292321e-05,7
94,4.700000000000,0.875000000000,0.200000000000,0.000000000000,0.000000000000,0.437500000000,0.100000000000,0.015537878249,-0.451955508345,0.234227540927,0.208318884530,0.505249159207,-0.050511032404,0.835927727183,1.192927183617,-1.042658937929,1.754032416342,0.798186315430,-0.506610968600,-0.074596298292,0.228253544270,0.040718884533,0.040716819718,0.227799794912,-0.041054407047,-0.336023700409,7.942034546212e-05,6.954210848014e-05,7
95,4.750000000000,0.885000000000,0.200000000000,0.000000000000,0.000000000000,0.442500000000,0.100000000000,0.020537878249,-0.451955508345,0.234227540927,0.206886417185,0.504201973182,-0.049834794727,0.836955717980,1.204368893589,-1.040584696387,1.756000819802,0.809579479140,-0.508729334593,-0.091393982493,0.229386721895,0.042224287576,0.037998774104,0.227840482461,-0.043686605334,-0.335746634215,7.941360834163e-05,6.955946958530e-05,7
96,4.800000000000,0.895000000000,0.200000000000,0.000000000000,0.000000000000,0.447500000000,0.100000000000,0.025537878249,-0.451955508345,0.234227540927,0.205452985206,0.503152436252,-0.049158324690,0.837979806366,1.215865855806,-1.038436509171,1.757832293753,0.820970363676,-0.510979629133,-0.108170961713,0.230462887335,0.043677412183,0.035238431815,0.227710279744,-0.046328711032,-0.335196343235,7.940664250995e-05,6.957601574864e-05,7
97,4.850000000000,0.905000000000,0.200000000000,0.000000000000,0.000000000000,0.452500000000,0.100000000000,0.030537878249,-0.451955508345,0.234227540927,0.204018595278,0.502100553312,-0.048481625445,0.838999987568,1.227415182323,-1.036216955168,1.759524662983,0.832350507114,-0.513362205696,-0.124913616817,0.231480588020,0.045079779739,0.032433489794,0.227412848278,-0.048975023703,-0.334375105226,7.939946600066e-05,6.959163268705e-05,7
98,4.900000000000,0.915000000000,0.200000000000,0.000000000000,0.000000000000,0.457500000000,0.100000000000,0.035537878249,-0.451955508345,0.234227540927,0.202583254087,0.501046329266,-0.047804700149,0.840016256829,1.239013914608,-1.033928531197,1.761075642732,0.843711648504,-0.515877131503,-0.141608472236,0.232438455786,0.046433141531,0.029581880608,0.226952547222,-0.051619810088,-0.333286369348,7.939209805980e-05,6.960624446579e-05,7
99,4.950000000000,0.925000000000,0.200000000000,0.000000000000,0.000000000000,0.462500000000,0.100000000000,0.040537878249,-0.451955508345,0.234227540927,0.201146968328,0.499989769029,-0.047127551958,0.841028609410,1.250659027901,-1.031573641015,1.762482851044,0.855045761837,-0.518524186705,-0.158242253751,0.233335211836,0.047739457633,0.026681793873,0.226334393789,-0.054257337174,-0.331934718375,7.938455898748e-05,6.961978474061e-05,7
100,5.000000000000,0.935000000000,0.200000000000,0.000000000000,0.000000000000,0.467500000000,0.100000000000,0.045537878249,-0.451955508345,0.234227540927,0.199709744695,0.498930877528,-0.046450184028,0.842037040591,1.262347435792,-1.029154585434,1.763743822119,0.866345087882,-0.521302865221,-0.174801944074,0.233687865486,0.048897915176,0.023689052583,0.225103231662,-0.056759995172,-0.329652054093,7.937686996858e-05,6.963215528314e-05,7
101,5.050000000000,0.944958333333,0.197500000000,-0.100000000000,-2.000000000000,0.472479166667,0.098750000000,0.050517044916,-0.451955508345,0.234227540927,0.198277584125,0.497874086261,-0.045775423233,0.843037368384,1.274027814450,-1.026683849498,1.764851756302,0.877556085003,-0.524200186222,-0.191207459161,0.231067269481,0.049375272189,0.020438092991,0.220971229253,-0.058468750673,-0.323099775764,7.904351408071e-05,6.935329557883e-05,7
102,5.100000000000,0.954666666667,0.190000000000,-0.200000000000,-2.000000000000,0.477333333333,0.095000000000,0.055371211583,-0.451955508345,0.234227540927,0.196880494754,0.496841609148,-0.045117398259,0.844008830866,1.285454162740,-1.024217058215,1.765787631418,0.888442210808,-0.527149740288,-0.207111921650,0.222986665296,0.048582510250,0.016896844245,0.211675029960,-0.058605897214,-0.309001735662,7.707774395630e-05,6.761862581798e-05,7
103,5.150000000000,0.963875000000,0.177500000000,-0.300000000000,-2.000000000000,0.481937500000,0.088750000000,0.059975378249,-0.451955508345,0.234227540927,0.195554558866,0.495860289109,-0.044493079718,0.844926833547,1.296326480979,-1.021825598473,1.766541440727,0.898723587999,-0.530060775944,-0.222107632727,0.208876839698,0.046315873506,0.013294749723,0.196842034345,-0.056816372646,-0.286868151946,7.313478250774e-05,6.412223666652e-05,7
104,5.200000000000,0.972333333333,0.160000000000,-0.400000000000,-2.000000000000,0.486166666667,0.080000000000,0.064204544916,-0.451955508345,0.234227540927,0.194335936380,0.494957168071,-0.043919455593,0.845767123402,1.306341846710,-1.019585470865,1.767117106391,0.908126414242,-0.532831377553,-0.235798736845,0.188697465484,0.042495887420,0.009891247113,0.176600477244,-0.052902370690,-0.256944768568,6.721023065996e-05,5.886674261903e-05,7
105,5.250000000000,0.979791666667,0.137500000000,-0.500000000000,-2.000000000000,0.489895833333,0.068750000000,0.067933711583,-0.451955508345,0.234227540927,0.193260849522,0.494159450050,-0.043413527486,0.846505728037,1.315196227528,-1.017576009731,1.767530565438,0.916383635723,-0.535351013013,-0.247802109584,0.161740517785,0.036906706337,0.006876599232,0.150434735300,-0.046513597748,-0.218538735670,5.930450240692e-05,5.186453992053e-05,7
106,5.300000000000,0.986041666667,0.112500000000,-0.500000000000,0.000000000000,0.493020833333,0.056250000000,0.071058711583,-0.451955508345,0.234227540927,0.192359552612,0.493489984141,-0.042989478617,0.847122979738,1.322515898488,-1.015894800231,1.767804766314,0.923169887772,-0.537482737327,-0.257652610412,0.133017945930,0.030687481209,0.004517346500,0.123048678792,-0.039069966363,-0.178505870918,9.948603270035e-05,8.682559730967e-05,6
107,5.350000000000,0.991041666667,0.087500000000,-0.500000000000,0.000000000000,0.495520833333,0.043750000000,0.073558711583,-0.451955508345,0.234227540927,0.191638262751,0.492953764211,-0.042650183109,0.847615670266,1.328498022121,-1.014507261610,1.767982300088,0.928688503603,-0.539258009649,-0.265652696676,0.104875707398,0.024404476280,0.002837337513,0.096586273764,-0.031316035678,-0.139953478554,8.121592123625e-05,7.076371773078e-05,6
108,5.400000000000,0.994791666667,0.062500000000,-0.500000000000,0.000000000000,0.497395833333,0.031250000000,0.075433711583,-0.451955508345,0.234227540927,0.191097148714,0.492551222138,-0.042395678831,0.847984539800,1.333003469228,-1.013454352603,1.768088500065,0.932828515149,-0.540614340895,-0.271647958267,0.074757636696,0.017506882066,0.001634267700,0.068617947331,-0.022593932636,-0.099337441302,6.112048859612e-05,5.314442683658e-05,6
109,5.450000000000,0.997333333333,0.040000000000,-0.400000000000,2.000000000000,0.498666666667,0.020000000000,0.076704544916,-0.451955508345,0.234227540927,0.190730322380,0.492278204423,-0.042223165672,0.848234235253,1.335973785791,-1.012756573403,1.768145726858,0.935550298336,-0.541517402913,-0.275586440806,0.048756065525,0.011469456104,0.000883201445,0.044643075315,-0.014861908278,-0.064586166949,8.323633853787e-05,7.221565787285e-05,5
110,5.500000000000,0.998875000000,0.022500000000,-0.300000000000,2.000000000000,0.499437500000,0.011250000000,0.077475378249,-0.451955508345,0.234227540927,0.190507793163,0.492112531263,-0.042118520342,0.848385565390,1.337879075781,-1.012307406992,1.768176820210,0.937292822680,-0.542100531723,-0.278106574962,0.028407668297,0.006701303042,0.000448325031,0.025971745307,-0.008704852406,-0.037558082855,5.337473675802e-05,4.624488890802e-05,5
111,5.550000000000,0.999666666667,0.010000000000,-0.200000000000,2.000000000000,0.499833333333,0.005000000000,0.077871211583,-0.451955508345,0.234227540927,0.190393513197,0.492027434662,-0.042064781737,0.848463238927,1.338814552620,-1.012086443099,1.768190559361,0.938147472866,-0.542387888153,-0.279342249091,0.012960492122,0.003062142902,0.000187431195,0.011838946293,-0.003983151061,-0.017116332102,5.614856879537e-05,4.857876366126e-05,4
112,5.600000000000,0.999958333333,0.002500000000,-0.100000000000,2.000000000000,0.499979166667,0.001250000000,0.078017044916,-0.451955508345,0.234227540927,0.190351408649,0.491996079658,-0.042044982993,0.848491849243,1.339175124993,-1.012001192702,1.768195563329,0.938476717309,-0.542498846829,-0.279818208172,0.003605723728,0.000852503969,0.000050039678,0.003292444432,-0.001109586759,-0.004759590808,5.049462032068e-05,4.365605888005e-05,3
113,5.650000000000,1.000000000000,0.000000000000,0.000000000000,2.000000000000,0.500000000000,0.000000000000,0.078037878249,-0.451955508345,0.234227540927,0.190345393652,0.491991600213,-0.042042154588,0.848495936156,1.339175124993,-1.012001192702,1.768195563329,0.938476717309,-0.542498846829,-0.279818208172,0.000000000000,0.000000000000,0.000000000000,0.000000000000,0.000000000000,0.000000000000,7.132795329138e-05,6.165033058208e-05,1
